,dataset,subsample_n,method,val_nll,val_accuracy,test_nll,test_accuracy,data_seed
0,cc18_1,-1,ag-bagging,0.4524345904172243,0.8066666666666666,0.4926131469369685,0.7933333333333333,6
1,cc18_14,-1,ag-bagging,0.0033390830114288,1.0,0.0082223387618294,0.9975,12
2,cc18_19,-1,ag-bagging,0.0111463111970518,1.0,0.01880816485367,0.99375,12
3,cc18_14,-1,ag-bagging,0.0472838911323383,1.0,0.0522697182899963,1.0,10
4,cc18_10,-1,ag-bagging,0.0986818517567702,0.9714285714285714,0.0846266330399152,0.9785714285714284,9
5,cc18_0,-1,ag-bagging,8.831107869105223e-06,1.0,0.0012361847769619,1.0,5
6,cc18_3,-1,ag-bagging,0.6019124427308367,0.67,0.7147881356429916,0.53,9
7,cc18_28,-1,ag-bagging,0.0034972862039736,1.0,0.0041584073593997,1.0,11
8,cc18_11,-1,ag-bagging,0.0012599228753547,1.0,0.0044279960945777,1.0,9
9,cc18_16,-1,ag-bagging,0.1749305505279461,0.9492753623188406,0.1098262870763519,0.9710144927536232,9
10,cc18_0,-1,ag-bagging,2.3197295290510385e-07,1.0,0.0068206640415598,0.9963636363636365,11
11,cc18_17,-1,ag-bagging,0.5000613984253431,0.765,0.5294359002343635,0.72,12
12,cc18_8,-1,ag-bagging,0.0352377999798643,0.9884393063583816,0.0410002326956411,0.9913294797687862,11
13,cc18_23,-1,ag-bagging,0.0021023284848769,1.0,0.0053462840709271,1.0,7
14,cc18_6,-1,ag-bagging,0.0453811067839653,1.0,0.0454450798181187,1.0,8
15,cc18_23,-1,ag-bagging,0.0638664875041027,0.9809523809523808,0.0156440082499175,1.0,5
16,cc18_7,-1,ag-bagging,0.1606325921014534,0.9351851851851852,0.1506879265337067,0.9444444444444444,14
17,cc18_22,-1,ag-bagging,0.1783068222409669,0.9297124600638976,0.3020310831846147,0.865814696485623,5
18,cc18_18,-1,ag-bagging,0.0013883098892331,1.0,0.0056958239701606,1.0,5
19,cc18_0,-1,ag-bagging,1.957935847460878e-06,1.0,0.0027059821844908,1.0,9
20,cc18_5,-1,ag-bagging,0.0452942170967544,1.0,0.0457250127008318,1.0,8
21,cc18_26,-1,ag-bagging,0.4131511722566921,0.7988165680473372,0.4302474110290804,0.7764705882352941,13
22,cc18_22,-1,ag-bagging,0.169143868540399,0.9361022364217252,0.2806327428478047,0.8881789137380192,13
23,cc18_26,-1,ag-bagging,0.4252627960353821,0.7869822485207101,0.4708764659873646,0.7941176470588235,9
24,cc18_25,-1,ag-bagging,2.472326659945754e-07,1.0,4.098194450118602e-07,1.0,9
25,cc18_27,-1,ag-bagging,0.0019064730910117,1.0,0.2233611760612796,0.9649122807017544,12
26,cc18_12,-1,ag-bagging,0.0124038294733665,0.995,0.0094316336742632,1.0,12
27,cc18_20,-1,ag-bagging,0.4662293167450296,0.7467532467532467,0.4902951071381045,0.7272727272727273,10
28,cc18_8,-1,ag-bagging,0.074215684358687,0.9710982658959536,0.0660089715260264,0.9710982658959536,12
29,cc18_4,-1,ag-bagging,0.0048984181436071,1.0,0.0068762840885185,0.9975,9
30,cc18_20,-1,ag-bagging,0.4358583263133472,0.8051948051948052,0.49282461918386,0.7207792207792207,14
31,cc18_10,-1,ag-bagging,0.0316221055495392,0.9928571428571428,0.0818788841101972,0.9642857142857144,11
32,cc18_8,-1,ag-bagging,0.0783328677183268,0.9710982658959536,0.0541927071441898,0.9797687861271676,14
33,cc18_10,-1,ag-bagging,0.0998539464997942,0.9785714285714284,0.074215253557841,0.9714285714285714,12
34,cc18_1,-1,ag-bagging,0.5057553095559361,0.7733333333333333,0.4575835038164974,0.8,11
35,cc18_20,-1,ag-bagging,0.4759571978720817,0.7727272727272727,0.4925013086469488,0.7727272727272727,13
36,cc18_2,-1,ag-bagging,0.0578424370529793,0.984,0.0820274633940747,0.952,10
37,cc18_1,-1,ag-bagging,0.4503427202202606,0.7933333333333333,0.5218184393570353,0.7533333333333333,7
38,cc18_4,-1,ag-bagging,0.0079670475351457,1.0,0.0095353183250512,0.9975,10
39,cc18_29,-1,ag-bagging,0.5004807438829216,0.7692307692307693,0.5224613049487066,0.7094017094017094,13
40,cc18_5,-1,ag-bagging,0.045369736437372,1.0,0.0461275753621164,1.0,6
41,cc18_23,-1,ag-bagging,0.0343213460223096,1.0,0.0772512079309564,0.9809523809523808,14
42,cc18_25,-1,ag-bagging,2.2906452337697658e-07,1.0,0.0001055116018319,1.0,8
43,cc18_15,-1,ag-bagging,0.0093939965508567,1.0,0.0099421609109299,1.0,6
44,cc18_13,-1,ag-bagging,0.7767363197380843,0.7142857142857143,0.652046603790328,0.7432432432432432,7
45,cc18_29,-1,ag-bagging,0.5509005969733196,0.6410256410256411,0.572821422236048,0.6581196581196581,5
46,cc18_4,-1,ag-bagging,0.0970355014866134,1.0,0.1052087598104901,0.9975,6
47,cc18_7,-1,ag-bagging,0.124617288346816,0.9444444444444444,0.1656923268640236,0.9166666666666666,13
48,cc18_18,-1,ag-bagging,8.649477096427653e-05,1.0,0.0024022036311091,1.0,13
49,cc18_20,-1,ag-bagging,0.501375592234863,0.7402597402597403,0.4805889791024615,0.7402597402597403,11
50,cc18_26,-1,ag-bagging,0.4769170587610212,0.7751479289940828,0.5086479606328964,0.7529411764705882,5
51,cc18_21,-1,ag-bagging,0.2045122705261455,0.9006849315068494,0.1923649430461584,0.9006849315068494,6
52,cc18_16,-1,ag-bagging,0.1073347905762959,0.9637681159420288,0.1232206540881424,0.9637681159420288,11
53,cc18_20,-1,ag-bagging,0.4658450837217647,0.7727272727272727,0.4617899518138249,0.7532467532467533,8
54,cc18_19,-1,ag-bagging,0.0123697407806048,0.99375,0.0153242984836621,0.99375,7
55,cc18_3,-1,ag-bagging,0.5947534437391918,0.72,0.6659212311057188,0.61,6
56,cc18_1,-1,ag-bagging,0.468254686952713,0.8066666666666666,0.4386041156967606,0.7666666666666667,5
57,cc18_26,-1,ag-bagging,0.4232710501569511,0.7928994082840237,0.4287602708609275,0.7588235294117647,6
58,cc18_2,-1,ag-bagging,0.083061489705216,0.976,0.0849784719293635,0.968,12
59,cc18_5,-1,ag-bagging,0.0005395879438239,1.0,0.0062344270632537,1.0,9
60,cc18_16,-1,ag-bagging,0.1377995029759603,0.9492753623188406,0.1112500286776959,0.9637681159420288,10
61,cc18_12,-1,ag-bagging,0.0069441502969303,1.0,0.0189279510953054,0.9925,6
62,cc18_2,-1,ag-bagging,0.0459436986821704,0.976,0.0591186603439067,0.968,7
63,cc18_23,-1,ag-bagging,0.0417943366083826,0.9904761904761904,0.0223652838098828,1.0,13
64,cc18_10,-1,ag-bagging,0.0626031618600092,0.9857142857142858,0.107358523707804,0.9642857142857144,6
65,cc18_28,-1,ag-bagging,0.0261521738066989,1.0,0.0343658160789658,1.0,13
66,cc18_6,-1,ag-bagging,0.0004830203640941,1.0,0.0059396237863349,1.0,9
67,cc18_9,-1,ag-bagging,0.3681298118381104,0.8425925925925926,0.4564286259952662,0.7870370370370371,7
68,cc18_2,-1,ag-bagging,0.0352710078004614,0.984,0.1851163674466885,0.936,11
69,cc18_0,-1,ag-bagging,7.843400695096024e-07,1.0,0.0027052518130036,1.0,12
70,cc18_18,-1,ag-bagging,0.0002378919713424,1.0,0.0007345798703019,1.0,6
71,cc18_1,-1,ag-bagging,0.4548591454787974,0.7866666666666666,0.4371314419995794,0.7733333333333333,9
72,cc18_28,-1,ag-bagging,0.0008094471293331,1.0,0.0084080359769644,1.0,8
73,cc18_6,-1,ag-bagging,0.0482118445208254,1.0,0.0504605748479403,1.0,10
74,cc18_7,-1,ag-bagging,0.1186530952103326,0.9444444444444444,0.0574578673020283,0.9907407407407408,9
75,cc18_24,-1,ag-bagging,0.0004634631069261,1.0,0.0172401803060419,0.9954954954954957,13
76,cc18_14,-1,ag-bagging,0.0487555612015938,1.0,0.0502178464557888,1.0,7
77,cc18_0,-1,ag-bagging,4.178631020498813e-05,1.0,0.0001450842513635,1.0,8
78,cc18_7,-1,ag-bagging,0.144333366411795,0.9351851851851852,0.1325939158169479,0.9444444444444444,7
79,cc18_5,-1,ag-bagging,0.0005544325252805,1.0,0.0009604075007629,1.0,10
80,cc18_17,-1,ag-bagging,0.4858964220875931,0.775,0.5058761877450327,0.765,8
81,cc18_6,-1,ag-bagging,0.012027887321788,0.9974226804123713,0.0123839334345482,0.9948586118251928,12
82,cc18_12,-1,ag-bagging,0.0060046275018693,0.9975,0.0136595669789542,0.9925,11
83,cc18_3,-1,ag-bagging,0.6276715680302167,0.66,0.6583258078837515,0.59,7
84,cc18_2,-1,ag-bagging,0.0269082521706695,1.0,0.1640999149957786,0.936,9
85,cc18_9,-1,ag-bagging,0.3120234634815037,0.8796296296296297,0.3551567788382775,0.8611111111111112,14
86,cc18_19,-1,ag-bagging,0.0135429806494451,1.0,0.0098658071137899,1.0,5
87,cc18_29,-1,ag-bagging,0.4751971557065351,0.717948717948718,0.5116118460391732,0.7008547008547008,10
88,cc18_23,-1,ag-bagging,0.0402421969826728,0.9904761904761904,0.0188874778065163,0.9904761904761904,10
89,cc18_29,-1,ag-bagging,0.5261923519666517,0.6923076923076923,0.4986379721477119,0.7350427350427351,11
90,cc18_27,-1,ag-bagging,0.1773816147033122,0.9298245614035088,0.0700596403639113,0.9912280701754386,10
91,cc18_9,-1,ag-bagging,0.3753233167719604,0.8518518518518519,0.4320154735178149,0.7685185185185185,8
92,cc18_2,-1,ag-bagging,0.0920378752901953,0.976,0.1340056930040808,0.96,14
93,cc18_6,-1,ag-bagging,0.0064526066184788,1.0,0.0067449722417508,1.0,13
94,cc18_17,-1,ag-bagging,0.4486878594662359,0.805,0.5201281541179285,0.765,5
95,cc18_15,-1,ag-bagging,0.00538656861081,1.0,0.0059083914655915,1.0,13
96,cc18_19,-1,ag-bagging,0.0247036269459962,0.9875,0.0460233121519312,0.98125,9
97,cc18_22,-1,ag-bagging,0.2492692602316732,0.8977635782747604,0.2417075644042906,0.8977635782747604,12
98,cc18_6,-1,ag-bagging,0.0471797376355133,1.0,0.0537119328140002,0.9974293059125964,6
99,cc18_4,-1,ag-bagging,0.0494114460518718,1.0,0.0563304188568919,0.9975,12
100,cc18_9,-1,ag-bagging,0.3903132912532732,0.8148148148148148,0.3688902361247801,0.8333333333333334,10
101,cc18_23,-1,ag-bagging,0.06365175994105,1.0,0.0636353865366774,1.0,9
102,cc18_10,-1,ag-bagging,0.0858314383592867,0.9857142857142858,0.1096836568551641,0.9714285714285714,14
103,cc18_25,-1,ag-bagging,3.149604767311531e-07,1.0,3.343400403740695e-07,1.0,6
104,cc18_14,-1,ag-bagging,0.0080246988519432,1.0,0.0072831642918315,0.9975,13
105,cc18_5,-1,ag-bagging,0.0452144718908162,1.0,0.0461938497603399,1.0,12
106,cc18_25,-1,ag-bagging,3.168833085694211e-07,1.0,4.187573966364939e-07,1.0,13
107,cc18_21,-1,ag-bagging,0.134886490686542,0.952054794520548,0.207061197923605,0.9075342465753424,10
108,cc18_4,-1,ag-bagging,0.0504737489016111,1.0,0.0550630459740817,0.9975,14
109,cc18_25,-1,ag-bagging,1.7673219889228396e-07,1.0,5.249917061907076e-05,1.0,5
110,cc18_21,-1,ag-bagging,0.1893833708275026,0.9212328767123288,0.2195438709264238,0.8972602739726028,7
111,cc18_10,-1,ag-bagging,0.0523624473799721,0.9857142857142858,0.1164388029133484,0.9642857142857144,10
112,cc18_1,-1,ag-bagging,0.4598294650379013,0.78,0.4444043369679235,0.7733333333333333,10
113,cc18_13,-1,ag-bagging,0.7671130681522947,0.6462585034013606,0.6630948202071841,0.7297297297297297,12
114,cc18_20,-1,ag-bagging,0.465738191972675,0.7857142857142857,0.4326371265207996,0.7727272727272727,5
115,cc18_27,-1,ag-bagging,0.0734128260599275,0.9649122807017544,0.0506399045683478,0.9736842105263158,8
116,cc18_18,-1,ag-bagging,0.0019448265669003,1.0,0.0022363971457993,1.0,9
117,cc18_8,-1,ag-bagging,0.019925212262141,0.9971098265895952,0.0296640457792958,0.9913294797687862,10
118,cc18_22,-1,ag-bagging,0.1986361129119293,0.9105431309904152,0.256615630570227,0.8977635782747604,6
119,cc18_4,-1,ag-bagging,0.006772442688232,0.9975,0.0092521782199609,1.0,8
120,cc18_27,-1,ag-bagging,0.0385513678839039,0.9824561403508772,0.0695717888184279,0.9736842105263158,14
121,cc18_9,-1,ag-bagging,0.4546254147413225,0.7685185185185185,0.3647508825199238,0.8333333333333334,12
122,cc18_27,-1,ag-bagging,0.0822478501062356,0.956140350877193,0.0723169549114456,0.9736842105263158,6
123,cc18_24,-1,ag-bagging,0.0001396910845248,1.0,0.0005130537296595,1.0,14
124,cc18_11,-1,ag-bagging,0.0965554133627808,1.0,0.0996134371101862,1.0,13
125,cc18_26,-1,ag-bagging,0.4384389465881989,0.7810650887573964,0.4498600086792311,0.7470588235294118,12
126,cc18_8,-1,ag-bagging,0.0384389817117362,0.9884393063583816,0.0320430986293833,0.9913294797687862,7
127,cc18_16,-1,ag-bagging,0.1257494759522051,0.9492753623188406,0.1111733607926587,0.9565217391304348,14
128,cc18_26,-1,ag-bagging,0.3009373982813216,0.8402366863905325,0.4101248960281364,0.7647058823529411,7
129,cc18_3,-1,ag-bagging,0.5860633373973405,0.69,0.6582168300863575,0.63,10
130,cc18_15,-1,ag-bagging,0.0097968200149879,1.0,0.0185312757587045,0.9966101694915256,7
131,cc18_0,-1,ag-bagging,1.0558201403806858e-05,1.0,0.0023682460886341,1.0,13
132,cc18_26,-1,ag-bagging,0.3487388743651153,0.8461538461538461,0.442383769241074,0.7823529411764706,11
133,cc18_5,-1,ag-bagging,0.00042957127788,1.0,0.0010559375433414,1.0,7
134,cc18_4,-1,ag-bagging,0.0034913360213756,1.0,0.0061930553879504,0.9975,11
135,cc18_14,-1,ag-bagging,0.0516013731250082,1.0,0.0505634019705451,1.0,8
136,cc18_24,-1,ag-bagging,0.025423866881449,1.0,0.0517852246052977,0.990990990990991,8
137,cc18_18,-1,ag-bagging,0.0004081100872944,1.0,0.004187879917035,1.0,7
138,cc18_15,-1,ag-bagging,0.0368426597821665,1.0,0.0465335412479588,0.9932203389830508,8
139,cc18_23,-1,ag-bagging,0.001590419797968,1.0,0.0275542694715266,0.9809523809523808,12
140,cc18_5,-1,ag-bagging,0.0005508976405546,1.0,0.0038920654839697,1.0,14
141,cc18_17,-1,ag-bagging,0.4990875163786609,0.77,0.5084698177401039,0.745,10
142,cc18_18,-1,ag-bagging,0.0001139522416903,1.0,0.0039411034307483,1.0,10
143,cc18_26,-1,ag-bagging,0.3517949536578415,0.8047337278106509,0.4755331078884912,0.7705882352941177,14
144,cc18_22,-1,ag-bagging,0.2799070714086957,0.8466453674121406,0.275459338131923,0.9009584664536742,10
145,cc18_27,-1,ag-bagging,0.0451100507411947,0.9736842105263158,0.1178222331003454,0.9736842105263158,5
146,cc18_7,-1,ag-bagging,0.1391221508408544,0.9444444444444444,0.1051029226663695,0.9629629629629628,10
147,cc18_13,-1,ag-bagging,0.7216382885192872,0.6258503401360545,0.6397008696377797,0.7162162162162162,6
148,cc18_19,-1,ag-bagging,0.0099828583672928,1.0,0.0345456251820606,0.9875,10
149,cc18_7,-1,ag-bagging,0.1650129022545456,0.9166666666666666,0.2024174263487201,0.925925925925926,8
150,cc18_4,-1,ag-bagging,0.006053737732502,0.9975,0.0074982988366316,0.9975,5
151,cc18_9,-1,ag-bagging,0.3540085851101318,0.8981481481481481,0.4477366930906193,0.8055555555555556,6
152,cc18_29,-1,ag-bagging,0.5217546084866108,0.7008547008547008,0.5320017022143144,0.6666666666666666,7
153,cc18_12,-1,ag-bagging,0.0151996605696331,0.995,0.0054286450660936,1.0,13
154,cc18_10,-1,ag-bagging,0.0465564710768729,0.9857142857142858,0.1459570522397116,0.95,5
155,cc18_11,-1,ag-bagging,0.002053730657409,1.0,0.0029501545025116,1.0,8
156,cc18_22,-1,ag-bagging,0.2566208949648169,0.8977635782747604,0.2441046937426748,0.9009584664536742,11
157,cc18_11,-1,ag-bagging,0.0467829306545778,1.0,0.0528337577445091,0.995,6
158,cc18_23,-1,ag-bagging,0.0024658138945653,1.0,0.0051872637001131,1.0,6
159,cc18_27,-1,ag-bagging,0.0964085872109077,0.9824561403508772,0.0832555943233812,0.9649122807017544,7
160,cc18_7,-1,ag-bagging,0.0756501344235748,0.9537037037037036,0.1780180692427562,0.9074074074074074,5
161,cc18_17,-1,ag-bagging,0.4560344854049055,0.78,0.5238862594664251,0.725,14
162,cc18_22,-1,ag-bagging,0.1943220262280575,0.9233226837060704,0.2866903027580967,0.8753993610223643,9
163,cc18_16,-1,ag-bagging,0.1078509680638214,0.9710144927536232,0.142856173673387,0.9420289855072465,8
164,cc18_4,-1,ag-bagging,0.0514681244292085,1.0,0.0514099477348663,1.0,7
165,cc18_3,-1,ag-bagging,0.60508139274514,0.7,0.6589016837726652,0.57,13
166,cc18_18,-1,ag-bagging,0.000406105969398,1.0,0.001784470085367,1.0,14
167,cc18_20,-1,ag-bagging,0.4580550070137394,0.7597402597402597,0.509586621421461,0.7402597402597403,9
168,cc18_3,-1,ag-bagging,0.630784502064865,0.68,0.6876121578590059,0.6,12
169,cc18_13,-1,ag-bagging,0.666961098135756,0.673469387755102,0.6768975045400014,0.7297297297297297,11
170,cc18_11,-1,ag-bagging,0.0472259071648722,1.0,0.0512656919247569,1.0,12
171,cc18_12,-1,ag-bagging,0.0523329965985579,1.0,0.0668487298277124,0.9975,9
172,cc18_1,-1,ag-bagging,0.462526424114062,0.8,0.4538541744559615,0.8066666666666666,14
173,cc18_14,-1,ag-bagging,0.2011638624098768,1.0,0.2050872029357737,1.0,6
174,cc18_17,-1,ag-bagging,0.448410313898764,0.79,0.5328140134326809,0.74,11
175,cc18_13,-1,ag-bagging,0.7788647794924827,0.6530612244897959,0.7022098655084448,0.6891891891891891,5
176,cc18_0,-1,ag-bagging,4.753931944970705e-06,1.0,0.001097785159439,1.0,6
177,cc18_20,-1,ag-bagging,0.4932460059105798,0.7662337662337663,0.4404158322158057,0.8246753246753247,6
178,cc18_2,-1,ag-bagging,0.0675898016524416,0.968,0.0971841329990932,0.952,13
179,cc18_27,-1,ag-bagging,0.0298172779917448,1.0,0.0923812875049629,0.9824561403508772,13
180,cc18_25,-1,ag-bagging,1.2801158456152733e-07,1.0,0.0042412313743342,1.0,12
181,cc18_24,-1,ag-bagging,0.0043660179737092,1.0,0.0069054168951079,0.9954954954954957,12
182,cc18_2,-1,ag-bagging,0.0861049725468935,0.968,0.1341509751438455,0.944,8
183,cc18_6,-1,ag-bagging,0.0047109798186281,0.9974226804123713,0.0145548830573989,0.9974293059125964,5
184,cc18_13,-1,ag-bagging,0.7243926221134387,0.6938775510204082,0.7846421823455817,0.668918918918919,9
185,cc18_21,-1,ag-bagging,0.2083113510047476,0.910958904109589,0.1551420207057182,0.934931506849315,8
186,cc18_16,-1,ag-bagging,0.024663476012867,0.9927536231884058,0.1920681291493972,0.9347826086956522,13
187,cc18_6,-1,ag-bagging,0.0053257990089338,1.0,0.0043861999833533,1.0,7
188,cc18_28,-1,ag-bagging,0.0256194986316407,1.0,0.0377156991489393,0.990521327014218,10
189,cc18_27,-1,ag-bagging,0.0669764525708814,1.0,0.0872168612688351,0.9736842105263158,11
190,cc18_23,-1,ag-bagging,2.422935244343059e-05,1.0,0.0186500819842544,0.9904761904761904,8
191,cc18_14,-1,ag-bagging,0.0477402310609035,1.0,0.0509822318785674,1.0,14
192,cc18_9,-1,ag-bagging,0.3210533266595345,0.8333333333333334,0.4591450118531036,0.8240740740740741,13
193,cc18_16,-1,ag-bagging,0.0320256443409175,0.9927536231884058,0.0799141133008913,0.9637681159420288,12
194,cc18_21,-1,ag-bagging,0.1679101454523705,0.9075342465753424,0.2230851627058167,0.8835616438356164,12
195,cc18_19,-1,ag-bagging,0.0178371134425074,0.99375,0.0076018662122831,1.0,14
196,cc18_28,-1,ag-bagging,0.0812268630709673,1.0,0.0793844361811203,1.0,6
197,cc18_12,-1,ag-bagging,0.0961518451571807,1.0,0.1015875457233747,1.0,7
198,cc18_25,-1,ag-bagging,2.398797758343924e-07,1.0,5.255963751086872e-05,1.0,11
199,cc18_18,-1,ag-bagging,0.0001853766620694,1.0,0.0021961801559872,1.0,8
200,cc18_26,-1,ag-bagging,0.4100420603568209,0.7810650887573964,0.4709668788341651,0.788235294117647,10
201,cc18_21,-1,ag-bagging,0.1779801612107522,0.9075342465753424,0.2055659378076015,0.9075342465753424,9
202,cc18_3,-1,ag-bagging,0.609806622191236,0.64,0.6822070039615479,0.57,14
203,cc18_6,-1,ag-bagging,0.0022775746387757,1.0,0.0034862834213563,1.0,14
204,cc18_20,-1,ag-bagging,0.4389695453574576,0.8051948051948052,0.4516305319713846,0.8051948051948052,7
205,cc18_18,-1,ag-bagging,0.0001060560864179,1.0,0.0095909196435138,0.9940828402366864,12
206,cc18_4,-1,ag-bagging,0.0094753649359329,0.9975,0.0025375693105931,1.0,13
207,cc18_0,-1,ag-bagging,4.271736612596805e-06,1.0,0.0002841147144399,1.0,7
208,cc18_1,-1,ag-bagging,0.4702549844360871,0.78,0.4571040437082952,0.7866666666666666,8
209,cc18_14,-1,ag-bagging,0.0042689311495913,0.9975,0.0059710913941907,1.0,11
210,cc18_18,-1,ag-bagging,0.0002492442368509,1.0,0.0051386747488402,1.0,11
211,cc18_29,-1,ag-bagging,0.5450522751468568,0.6837606837606838,0.5085878839102401,0.717948717948718,8
212,cc18_13,-1,ag-bagging,0.6448355903951491,0.7278911564625851,0.777239079298163,0.6216216216216216,14
213,cc18_10,-1,ag-bagging,0.06762459907045,0.9785714285714284,0.1207625228724713,0.9642857142857144,7
214,cc18_16,-1,ag-bagging,0.0658346269589588,0.9782608695652174,0.110035371845864,0.9637681159420288,6
215,cc18_22,-1,ag-bagging,0.2527982464654638,0.8913738019169329,0.2513942373396,0.9009584664536742,14
216,cc18_25,-1,ag-bagging,2.046521096071523e-07,1.0,2.287192890527962e-07,1.0,14
217,cc18_15,-1,ag-bagging,0.0153896879673343,0.9932203389830508,0.0137876612506123,0.9932203389830508,5
218,cc18_12,-1,ag-bagging,0.0039788331092113,1.0,0.0097952568562723,0.9975,5
219,cc18_21,-1,ag-bagging,0.1967550694673301,0.9006849315068494,0.2194317282758033,0.9006849315068494,14
220,cc18_8,-1,ag-bagging,0.055626389876973,0.9797687861271676,0.0553622566107097,0.9826589595375722,9
221,cc18_9,-1,ag-bagging,0.3840215427447634,0.8148148148148148,0.3721628573232441,0.8425925925925926,9
222,cc18_28,-1,ag-bagging,0.0560046840248634,1.0,0.0596641634438401,0.995260663507109,9
223,cc18_28,-1,ag-bagging,0.0016566467297408,1.0,0.0038748896009185,1.0,5
224,cc18_28,-1,ag-bagging,0.0018591652708754,1.0,0.0050358671827856,1.0,14
225,cc18_17,-1,ag-bagging,0.5036958867478059,0.75,0.5349353015355072,0.705,6
226,cc18_5,-1,ag-bagging,0.0005579204944417,1.0,0.0025214493930778,1.0,5
227,cc18_29,-1,ag-bagging,0.5376073777253763,0.7264957264957265,0.5394381085820574,0.6752136752136753,14
228,cc18_10,-1,ag-bagging,0.0804308108483363,0.9714285714285714,0.0936094134692471,0.9642857142857144,8
229,cc18_2,-1,ag-bagging,0.0544340776278497,1.0,0.268013161807721,0.92,5
230,cc18_17,-1,ag-bagging,0.4608880133868503,0.79,0.4981137236498419,0.745,13
231,cc18_5,-1,ag-bagging,0.0456456033571131,1.0,0.0459543510744969,1.0,11
232,cc18_9,-1,ag-bagging,0.3141653353245881,0.8611111111111112,0.4613982839635605,0.7592592592592593,5
233,cc18_11,-1,ag-bagging,0.1990533338179898,1.0,0.1999480991615319,1.0,10
234,cc18_7,-1,ag-bagging,0.149991988062978,0.9537037037037036,0.1594948815580222,0.9166666666666666,11
235,cc18_8,-1,ag-bagging,0.0337974951284074,0.9855491329479767,0.0298928312584961,0.9942196531791908,13
236,cc18_19,-1,ag-bagging,0.0181069607611598,1.0,0.0368825204066481,0.9875,6
237,cc18_14,-1,ag-bagging,0.0476701748881891,1.0,0.0568855630116295,0.995,5
238,cc18_24,-1,ag-bagging,3.3539169751624987e-06,1.0,0.0460767219586251,0.9954954954954957,6
239,cc18_29,-1,ag-bagging,0.4424196961129791,0.7863247863247863,0.5319182341946938,0.6923076923076923,9
240,cc18_22,-1,ag-bagging,0.2210631527760141,0.9137380191693292,0.1932787014685338,0.9201277955271564,8
241,cc18_13,-1,ag-bagging,0.7370330963956614,0.7074829931972789,0.7601186904470131,0.6081081081081081,10
242,cc18_11,-1,ag-bagging,0.0956955701818693,1.0,0.0984274257624307,0.9975,11
243,cc18_15,-1,ag-bagging,0.0029915494062911,1.0,0.0088067448656262,0.9966101694915256,9
244,cc18_24,-1,ag-bagging,4.9340005006909e-05,1.0,0.0004404287059835,1.0,5
245,cc18_25,-1,ag-bagging,1.799922372125898e-07,1.0,0.0032030074579245,1.0,7
246,cc18_19,-1,ag-bagging,0.015900482423998,1.0,0.0331207836438931,0.98125,8
247,cc18_3,-1,ag-bagging,0.6063736027829447,0.66,0.7592805553405181,0.48,11
248,cc18_15,-1,ag-bagging,0.0066636173461841,1.0,0.0122475339492748,0.9966101694915256,14
249,cc18_13,-1,ag-bagging,0.7244133074149027,0.7074829931972789,0.6170842388996862,0.7432432432432432,13
250,cc18_9,-1,ag-bagging,0.4234336914826779,0.8240740740740741,0.355767654263625,0.7962962962962963,11
251,cc18_8,-1,ag-bagging,0.0580761582191496,0.9826589595375722,0.0451013701511809,0.9797687861271676,6
252,cc18_17,-1,ag-bagging,0.4247352192276544,0.79,0.4099384305227468,0.805,7
253,cc18_24,-1,ag-bagging,0.052245360325619,1.0,0.0551617995781452,0.9954954954954957,10
254,cc18_26,-1,ag-bagging,0.429477613112019,0.7337278106508875,0.4143681615663904,0.7705882352941177,8
255,cc18_17,-1,ag-bagging,0.4975371816392425,0.745,0.4513119024031917,0.79,9
256,cc18_11,-1,ag-bagging,0.0471535776111543,1.0,0.0501103846614776,1.0,14
257,cc18_25,-1,ag-bagging,2.1841134028415906e-07,1.0,2.13178664908373e-07,1.0,10
258,cc18_3,-1,ag-bagging,0.6767125324985535,0.58,0.6707469046414523,0.58,5
259,cc18_8,-1,ag-bagging,0.0144409524018224,0.9971098265895952,0.038249403985818,0.9797687861271676,8
260,cc18_6,-1,ag-bagging,0.0045279498171175,1.0,0.0033823788176739,1.0,11
261,cc18_16,-1,ag-bagging,0.0911528235844395,0.9710144927536232,0.1686462679226759,0.9492753623188406,7
262,cc18_15,-1,ag-bagging,0.0407247559423263,1.0,0.0534507873791571,0.9898305084745764,12
263,cc18_28,-1,ag-bagging,0.027639358760975,1.0,0.036165064805979,0.990521327014218,7
264,cc18_21,-1,ag-bagging,0.1291317387275657,0.9452054794520548,0.1774827047117514,0.9417808219178082,13
265,cc18_24,-1,ag-bagging,0.0005073865994727,1.0,0.0006733019703023,1.0,7
266,cc18_12,-1,ag-bagging,0.0066156208909337,0.9975,0.0036812069901714,1.0,14
267,cc18_23,-1,ag-bagging,0.0145070808116271,0.9904761904761904,0.0034887515603991,1.0,11
268,cc18_29,-1,ag-bagging,0.4982893640797683,0.7094017094017094,0.4905904253169812,0.7094017094017094,12
269,cc18_12,-1,ag-bagging,0.0181116374032643,0.9975,0.0099613004903368,0.9975,10
270,cc18_24,-1,ag-bagging,0.0261685668244005,1.0,0.0305686602440228,0.9954954954954957,9
271,cc18_3,-1,ag-bagging,0.6467647803406946,0.6,0.6706626971278651,0.62,8
272,cc18_15,-1,ag-bagging,0.0033639315389409,1.0,0.0063123810651246,0.9966101694915256,11
273,cc18_20,-1,ag-bagging,0.4605513556190445,0.7662337662337663,0.4630149095377089,0.8051948051948052,12
274,cc18_2,-1,ag-bagging,0.0716280548750922,0.984,0.1570129987068948,0.944,6
275,cc18_1,-1,ag-bagging,0.3688339560170819,0.84,0.5405719981987476,0.8,13
276,cc18_22,-1,ag-bagging,0.2254328730151674,0.9073482428115016,0.3130356811758513,0.865814696485623,7
277,cc18_1,-1,ag-bagging,0.4924446633317386,0.7666666666666667,0.4611921893178423,0.82,12
278,cc18_29,-1,ag-bagging,0.4666184203917208,0.6923076923076923,0.5345967196024668,0.717948717948718,6
279,cc18_16,-1,ag-bagging,0.0564232629949055,0.9710144927536232,0.0994978834106517,0.9565217391304348,5
280,cc18_8,-1,ag-bagging,0.0241282733372427,0.9971098265895952,0.0776281072938661,0.9682080924855492,5
281,cc18_19,-1,ag-bagging,0.075147361068967,0.9875,0.057315845090216,0.99375,13
282,cc18_15,-1,ag-bagging,0.0401631770030583,1.0,0.0449367844612956,0.9966101694915256,10
283,cc18_5,-1,ag-bagging,0.0003118978188606,1.0,0.0055922829423929,1.0,13
284,cc18_27,-1,ag-bagging,0.0453948777313631,0.9736842105263158,0.0698783420720926,0.956140350877193,9
285,cc18_14,-1,ag-bagging,0.0981691987667717,1.0,0.1056310901167098,0.995,9
286,cc18_0,-1,ag-bagging,0.0001225478153897,1.0,0.0005470330312219,1.0,14
287,cc18_13,-1,ag-bagging,0.6772050006537375,0.7142857142857143,0.7679315763982089,0.6621621621621622,8
288,cc18_21,-1,ag-bagging,0.19927954821361,0.9041095890410958,0.1918963225925572,0.9041095890410958,11
289,cc18_19,-1,ag-bagging,0.0171993550464332,0.99375,0.0291616072259007,0.9875,11
290,cc18_11,-1,ag-bagging,0.0953876370167185,1.0,0.0959444572473824,1.0,7
291,cc18_7,-1,ag-bagging,0.173781230586522,0.9444444444444444,0.1086694472045455,0.9722222222222222,6
292,cc18_28,-1,ag-bagging,0.0005386064278253,1.0,0.0058874680770339,1.0,12
293,cc18_11,-1,ag-bagging,0.1997650472406672,1.0,0.2016822965887089,1.0,5
294,cc18_12,-1,ag-bagging,0.0563690393353134,1.0,0.0622056297010639,0.995,8
295,cc18_10,-1,ag-bagging,0.0308057395230571,0.9857142857142858,0.097781072356503,0.9714285714285714,13
296,cc18_24,-1,ag-bagging,0.0010378685577922,1.0,0.0055237890992124,1.0,11
297,cc18_0,-1,ag-bagging,9.33173364401792e-06,1.0,4.288405037502251e-06,1.0,10
298,cc18_21,-1,ag-bagging,0.2025880179879515,0.8972602739726028,0.204589321359647,0.9041095890410958,5
299,cc18_7,-1,ag-bagging,0.1288203194055946,0.9444444444444444,0.1266827674705083,0.9537037037037036,12
0,cc18_10,-1,ag,0.0806160424510901,0.9714285714285714,0.0948449592835317,0.9571428571428572,8
1,cc18_24,-1,ag,0.0001151675447635,1.0,0.0428968245765056,0.9954954954954957,13
2,cc18_26,-1,ag,0.4119107060916186,0.7633136094674556,0.4568863123034264,0.7352941176470589,12
3,cc18_0,-1,ag,9.041426528024489e-06,1.0,1.953583866055316e-05,1.0,7
4,cc18_15,-1,ag,0.01068756248852,0.9966101694915256,0.0091899020578214,0.9966101694915256,5
5,cc18_7,-1,ag,0.1592554021352974,0.9444444444444444,0.1534611884533445,0.9444444444444444,11
6,cc18_4,-1,ag,0.0117446761666084,0.995,0.0129840463972406,0.9975,10
7,cc18_1,-1,ag,0.4633759173199803,0.82,0.4282952453413897,0.8,5
8,cc18_27,-1,ag,0.0900244665998834,0.956140350877193,0.0741115850046115,0.9649122807017544,6
9,cc18_23,-1,ag,0.0020913499380716,1.0,0.0979959625397149,0.9714285714285714,14
10,cc18_17,-1,ag,0.4625857342091473,0.77,0.5205256965161118,0.725,14
11,cc18_21,-1,ag,0.1647478056863996,0.9212328767123288,0.1975858843184726,0.9006849315068494,9
12,cc18_18,-1,ag,5.770516375962656e-05,1.0,0.0080670464286536,0.9940828402366864,12
13,cc18_25,-1,ag,1.3951099547293793e-07,1.0,1.3949962971488938e-07,1.0,10
14,cc18_16,-1,ag,0.0760305327090773,0.9565217391304348,0.1567869982833634,0.9420289855072465,7
15,cc18_11,-1,ag,0.0030647011998786,0.9975,0.0191673086811134,0.9975,13
16,cc18_11,-1,ag,2.312745988775959e-07,1.0,1.3979880394754225e-05,1.0,10
17,cc18_12,-1,ag,0.0117514748275287,0.9975,0.0136199577847296,0.995,8
18,cc18_15,-1,ag,0.0151722843949908,0.9966101694915256,0.0092779776100208,0.9966101694915256,14
19,cc18_1,-1,ag,0.4545204702861882,0.7933333333333333,0.536689314613094,0.7466666666666667,7
20,cc18_29,-1,ag,0.5216635179539535,0.6923076923076923,0.5330713905075658,0.6752136752136753,7
21,cc18_1,-1,ag,0.4568680108475932,0.7933333333333333,0.4420950952464044,0.7666666666666667,9
22,cc18_5,-1,ag,6.167471641418188e-05,1.0,0.0001309084151765,1.0,7
23,cc18_27,-1,ag,0.0232144587639225,0.9824561403508772,0.0469814173423978,0.9736842105263158,11
24,cc18_22,-1,ag,0.1955918016647092,0.9137380191693292,0.2452422300518237,0.9041533546325878,6
25,cc18_15,-1,ag,5.789400349778932e-05,1.0,0.0007917440556231,1.0,13
26,cc18_22,-1,ag,0.2515087510663835,0.8977635782747604,0.2405706304645878,0.9009584664536742,12
27,cc18_24,-1,ag,1.0398385590155792e-05,1.0,1.247616476464768e-05,1.0,5
28,cc18_2,-1,ag,3.337921411232825e-07,1.0,2.5232041019375373,0.944,9
29,cc18_28,-1,ag,0.0054813455697325,0.995260663507109,0.0291246185994792,0.990521327014218,9
30,cc18_19,-1,ag,0.0039020268447685,1.0,0.2294407144904524,0.96875,10
31,cc18_26,-1,ag,0.407549579279914,0.7751479289940828,0.4022075154076998,0.7823529411764706,8
32,cc18_17,-1,ag,0.4695179413966891,0.78,0.5040590052200118,0.735,13
33,cc18_24,-1,ag,9.150691581652945e-06,1.0,1.4127182935323332e-05,1.0,7
34,cc18_23,-1,ag,0.0001834883256261,1.0,5.628500995347602e-06,1.0,7
35,cc18_10,-1,ag,0.0401176151598478,0.9785714285714284,0.269528961746193,0.9642857142857144,10
36,cc18_25,-1,ag,7.169650468241568e-07,1.0,7.784225645511179e-07,1.0,14
37,cc18_14,-1,ag,0.0005218908654031,1.0,0.0112922495093548,0.9975,10
38,cc18_6,-1,ag,0.000240711985465,1.0,0.0337262129316987,0.9948586118251928,14
39,cc18_9,-1,ag,0.3320034492765114,0.8518518518518519,0.4950844181018627,0.7592592592592593,7
40,cc18_19,-1,ag,0.0434390830064731,0.98125,0.0609955036629727,0.975,9
41,cc18_18,-1,ag,0.000412822716241,1.0,4.820293883903765e-05,1.0,9
42,cc18_5,-1,ag,0.0002609130671782,1.0,0.0121449894951152,0.9953703703703703,12
43,cc18_1,-1,ag,0.5117971074424965,0.7666666666666667,0.465814022484365,0.7933333333333333,11
44,cc18_15,-1,ag,0.0060578203133485,0.9966101694915256,0.021248112255933,0.9966101694915256,10
45,cc18_26,-1,ag,0.4069627320839903,0.7928994082840237,0.4702716587366602,0.7411764705882353,10
46,cc18_12,-1,ag,0.0068921005217073,0.9975,0.0140054976331306,0.995,12
47,cc18_11,-1,ag,0.0007414215381106,1.0,0.0239294278625421,0.995,12
48,cc18_11,-1,ag,0.0027826314881526,0.9975,0.0050210520310959,0.9975,7
49,cc18_16,-1,ag,0.0883078388082872,0.9710144927536232,0.1300104769180567,0.9782608695652174,11
50,cc18_18,-1,ag,0.000330103951746,1.0,0.0017155081860314,1.0,7
51,cc18_26,-1,ag,0.3554281542705678,0.8224852071005917,0.4496649178233535,0.7588235294117647,11
52,cc18_14,-1,ag,0.0013092694442703,1.0,0.0003786261752171,1.0,6
53,cc18_12,-1,ag,0.0052847513299943,1.0,0.0113517467322307,0.9975,11
54,cc18_16,-1,ag,0.0218850508305755,0.9927536231884058,0.2414453594386486,0.9420289855072465,13
55,cc18_23,-1,ag,0.0513206420512405,0.9904761904761904,0.021934606176031,0.9904761904761904,10
56,cc18_3,-1,ag,0.6211296167226573,0.68,0.7555213271742468,0.5,11
57,cc18_13,-1,ag,0.6383662583056969,0.7482993197278912,0.7701827413547606,0.6351351351351351,14
58,cc18_17,-1,ag,0.456643112431389,0.79,0.5579094692833766,0.74,5
59,cc18_20,-1,ag,0.4669391552380633,0.7532467532467533,0.4784937209669069,0.7402597402597403,10
60,cc18_18,-1,ag,0.000125838563586,1.0,0.0058159442910574,0.9940828402366864,5
61,cc18_20,-1,ag,0.483543855163947,0.7597402597402597,0.5110567897364042,0.7467532467532467,13
62,cc18_27,-1,ag,1.8606408423340118e-07,1.0,inf,0.956140350877193,13
63,cc18_3,-1,ag,0.6008772127267554,0.68,0.7366888976272047,0.53,9
64,cc18_10,-1,ag,0.0412843450703636,0.9857142857142858,0.1291055521495667,0.95,11
65,cc18_23,-1,ag,0.0234686689390342,0.9904761904761904,0.0028809303280393,1.0,11
66,cc18_8,-1,ag,0.0079958605535754,0.9971098265895952,0.0226258633521476,0.9913294797687862,10
67,cc18_11,-1,ag,1.8597340874945173e-07,1.0,-0.0,1.0,14
68,cc18_15,-1,ag,0.0065541513654638,0.9966101694915256,0.0293967114161265,0.9864406779661016,7
69,cc18_20,-1,ag,0.4420602561597457,0.7727272727272727,0.4585414621404136,0.7792207792207793,7
70,cc18_10,-1,ag,0.0373714027493517,0.9857142857142858,0.0951686590807035,0.9785714285714284,13
71,cc18_3,-1,ag,0.6150726281505342,0.64,0.6796190072640358,0.55,13
72,cc18_7,-1,ag,0.166177778953999,0.925925925925926,0.2054639968453971,0.925925925925926,8
73,cc18_5,-1,ag,1.275665506298151e-05,1.0,0.0502420050449889,0.9953703703703703,14
74,cc18_8,-1,ag,0.0339065899256292,0.9884393063583816,0.0128036811282977,0.9942196531791908,6
75,cc18_0,-1,ag,3.308773485225597e-07,1.0,1.5179201903064278e-06,1.0,6
76,cc18_29,-1,ag,0.4908370599112439,0.7350427350427351,0.5123346845787259,0.7008547008547008,12
77,cc18_4,-1,ag,0.0069793435552923,0.9975,0.0056601150947926,0.9975,11
78,cc18_24,-1,ag,2.0132656379949347e-06,1.0,0.0001215558217593,1.0,11
79,cc18_20,-1,ag,0.4769205076789988,0.7792207792207793,0.4327748113306389,0.7922077922077922,5
80,cc18_23,-1,ag,0.0001855689435414,1.0,0.0115685655583348,0.9904761904761904,6
81,cc18_11,-1,ag,0.0037231798016033,1.0,0.0041963421555963,0.9975,8
82,cc18_9,-1,ag,0.3442990413542829,0.8333333333333334,0.3852335445347412,0.8148148148148148,9
83,cc18_10,-1,ag,0.092741595122508,0.9857142857142858,0.1181546404816797,0.9785714285714284,14
84,cc18_16,-1,ag,0.01359487619155,0.9927536231884058,0.0911965811242706,0.9710144927536232,12
85,cc18_21,-1,ag,0.1888436400966591,0.9178082191780822,0.2232752764310487,0.9006849315068494,7
86,cc18_6,-1,ag,0.0104610837972172,0.9948453608247424,0.008501454339205,0.9974293059125964,12
87,cc18_1,-1,ag,0.4551317809823514,0.8066666666666666,0.5086456992696746,0.7933333333333333,6
88,cc18_15,-1,ag,0.0096312547154464,0.9966101694915256,0.046788566488047,0.9898305084745764,6
89,cc18_17,-1,ag,0.4387064774271823,0.775,0.4148852869519315,0.815,7
90,cc18_24,-1,ag,0.0197348102184691,0.9864864864864864,0.0145492117013027,0.990990990990991,12
91,cc18_22,-1,ag,0.2247377597012465,0.9073482428115016,0.3226116537704166,0.865814696485623,7
92,cc18_5,-1,ag,0.0001392267731594,1.0,0.000167709646808,1.0,8
93,cc18_27,-1,ag,0.1841832621053954,0.9298245614035088,0.0704521337868858,0.9912280701754386,10
94,cc18_2,-1,ag,0.0410302225944639,0.976,0.0661713452228042,0.968,7
95,cc18_29,-1,ag,0.431983637017704,0.7863247863247863,0.5720616659828128,0.7008547008547008,9
96,cc18_16,-1,ag,0.0372974263485253,0.9782608695652174,0.102516180904816,0.9782608695652174,6
97,cc18_25,-1,ag,1.993407625791501e-07,1.0,2.233566946784488e-07,1.0,13
98,cc18_26,-1,ag,0.2917833368546344,0.8461538461538461,0.4042613693238932,0.7705882352941177,7
99,cc18_9,-1,ag,0.4560481519175576,0.7870370370370371,0.3236827341939379,0.8518518518518519,12
100,cc18_5,-1,ag,2.0823860915213085e-05,1.0,1.51432477214734e-05,1.0,13
101,cc18_18,-1,ag,3.787459078154595e-05,1.0,0.0036442472737156,1.0,10
102,cc18_12,-1,ag,2.4885297722256226e-07,1.0,0.0471241379357577,0.9975,9
103,cc18_13,-1,ag,0.6647693790044711,0.7074829931972789,0.6888141967585761,0.7432432432432432,11
104,cc18_6,-1,ag,0.0006381241435878,1.0,0.0020870271638595,1.0,9
105,cc18_16,-1,ag,0.1183792256796263,0.9492753623188406,0.0995027065430495,0.9492753623188406,14
106,cc18_12,-1,ag,0.0094889359785367,0.995,0.0104361915669905,0.995,5
107,cc18_27,-1,ag,0.0297509530946503,0.9824561403508772,0.2534906691282692,0.9736842105263158,5
108,cc18_0,-1,ag,2.0252973555090403e-06,1.0,1.973459463982056e-06,1.0,10
109,cc18_12,-1,ag,0.0089566901266585,0.995,0.0020342754211077,1.0,14
110,cc18_23,-1,ag,1.3398159986594967e-05,1.0,0.0967638733069892,0.9904761904761904,8
111,cc18_20,-1,ag,0.4570331153847664,0.7597402597402597,0.5247324722329237,0.7467532467532467,9
112,cc18_3,-1,ag,0.6056506156401222,0.64,0.6676952309812303,0.62,10
113,cc18_19,-1,ag,0.0012042431213929,1.0,0.0792387017913579,0.9875,12
114,cc18_20,-1,ag,0.4993351282578354,0.7467532467532467,0.4379242837530858,0.7987012987012987,6
115,cc18_6,-1,ag,0.0061095591835431,0.9948453608247424,0.0018565556154777,1.0,13
116,cc18_2,-1,ag,0.0755904441553618,0.976,0.1902127740817212,0.912,8
117,cc18_4,-1,ag,0.012821764721659,0.9925,0.0002099928912388,1.0,13
118,cc18_11,-1,ag,2.0057490169552162e-07,1.0,1.7953259550171071e-06,1.0,9
119,cc18_6,-1,ag,0.0030774803412376,0.9974226804123713,0.0051441921484719,1.0,7
120,cc18_8,-1,ag,0.0231259678813065,0.9826589595375722,0.0098219401068752,1.0,9
121,cc18_29,-1,ag,0.5330253661438407,0.6837606837606838,0.5058311454197876,0.7008547008547008,8
122,cc18_28,-1,ag,1.858965617916896e-07,1.0,0.0129059600548674,0.995260663507109,14
123,cc18_13,-1,ag,0.6546473625390197,0.7210884353741497,0.7813970645962721,0.6756756756756757,8
124,cc18_25,-1,ag,1.5756047322635858e-07,1.0,1.323917106561257e-07,1.0,5
125,cc18_1,-1,ag,0.3861255398218653,0.8133333333333334,0.5404033582749541,0.78,13
126,cc18_6,-1,ag,0.0002603407443264,1.0,0.0001226395106654,1.0,11
127,cc18_9,-1,ag,0.311060563608392,0.8611111111111112,0.4337470554869707,0.7777777777777778,6
128,cc18_2,-1,ag,0.0224521911811448,0.992,0.2374843069114422,0.968,10
129,cc18_7,-1,ag,0.1122040961871717,0.9629629629629628,0.2014977046313366,0.9166666666666666,13
130,cc18_28,-1,ag,2.045205636291729e-07,1.0,2.83036245510636e-06,1.0,12
131,cc18_4,-1,ag,0.0048292433690424,0.9975,0.0122602094320704,0.9925,14
132,cc18_26,-1,ag,0.3419523776513066,0.8165680473372781,0.4706992325395034,0.7705882352941177,14
133,cc18_13,-1,ag,0.7269396470980761,0.6530612244897959,0.5627048333853925,0.75,6
134,cc18_7,-1,ag,0.1330543811645901,0.9537037037037036,0.1650079432886588,0.9166666666666666,7
135,cc18_3,-1,ag,0.6479826637708433,0.6,0.6717468700376247,0.64,8
136,cc18_21,-1,ag,0.2046878011764901,0.9178082191780822,0.1533473414190926,0.9246575342465754,8
137,cc18_1,-1,ag,0.4689285507559174,0.7733333333333333,0.4472912954925083,0.7866666666666666,14
138,cc18_25,-1,ag,1.1280620045613597e-07,1.0,0.0074330082202769,0.9947916666666666,12
139,cc18_14,-1,ag,0.000858916464609,1.0,0.0178810945414861,0.995,12
140,cc18_19,-1,ag,0.0265633491175353,0.9875,0.0055729600163234,1.0,13
141,cc18_13,-1,ag,0.7652566248194502,0.6802721088435374,0.6365035270138285,0.722972972972973,5
142,cc18_26,-1,ag,0.4468979432448621,0.757396449704142,0.5134051442620877,0.7705882352941177,5
143,cc18_21,-1,ag,0.1261912300056928,0.9452054794520548,0.2126978623666427,0.9417808219178082,13
144,cc18_14,-1,ag,0.0011965926589568,1.0,0.0430363221252097,0.9875,5
145,cc18_1,-1,ag,0.4978638261736812,0.76,0.4662394805961601,0.8133333333333334,12
146,cc18_25,-1,ag,1.292018861791384e-07,1.0,1.411554278028293e-07,1.0,9
147,cc18_14,-1,ag,0.013622545292835,0.9925,0.0041749092427105,0.9975,13
148,cc18_17,-1,ag,0.5035463730161461,0.76,0.5203381544886924,0.76,10
149,cc18_8,-1,ag,0.009166759089563,0.9942196531791908,0.0237859083594217,0.9913294797687862,11
150,cc18_3,-1,ag,0.6378644631088033,0.62,0.6844638217726348,0.61,7
151,cc18_25,-1,ag,2.474731331114927e-07,1.0,2.2892653482415017e-07,1.0,11
152,cc18_19,-1,ag,0.0190012846442278,0.99375,0.0160984925428243,0.99375,14
153,cc18_0,-1,ag,3.2430844936419416e-06,1.0,1.8781145240695048e-06,1.0,8
154,cc18_13,-1,ag,0.7289197419980967,0.6870748299319728,0.8140626810684565,0.6351351351351351,9
155,cc18_21,-1,ag,0.1886218166144969,0.8972602739726028,0.2206814257016673,0.8972602739726028,14
156,cc18_13,-1,ag,0.7012176700199556,0.7074829931972789,0.5957702799485808,0.722972972972973,13
157,cc18_29,-1,ag,0.4669153214683076,0.7094017094017094,0.5306469278201769,0.7008547008547008,6
158,cc18_10,-1,ag,0.0676070811644262,0.9857142857142858,0.121472527602389,0.9571428571428572,6
159,cc18_12,-1,ag,2.6760611035913685e-05,1.0,0.0084904533121971,0.9975,7
160,cc18_25,-1,ag,2.7585777549003255e-07,1.0,3.578699556243031e-07,1.0,7
161,cc18_0,-1,ag,1.0754401957898487e-07,1.0,0.0045266336363067,1.0,12
162,cc18_5,-1,ag,0.0001359714173593,1.0,7.068478982780116e-05,1.0,11
163,cc18_13,-1,ag,0.7468457864748831,0.7074829931972789,0.6377178076963816,0.7162162162162162,7
164,cc18_23,-1,ag,0.0002826997103402,1.0,0.0009516876387882,1.0,9
165,cc18_0,-1,ag,8.813226743885114e-06,1.0,1.7718646544161496e-05,1.0,14
166,cc18_16,-1,ag,0.1221909169767046,0.9492753623188406,0.0635663208421481,0.9927536231884058,9
167,cc18_4,-1,ag,0.0062306906414983,0.9975,0.0083194982776152,0.995,8
168,cc18_10,-1,ag,0.0949472674152885,0.9714285714285714,0.1424679007986199,0.9785714285714284,9
169,cc18_11,-1,ag,0.0011971350416968,1.0,0.0014707563545884,1.0,6
170,cc18_19,-1,ag,0.0002124187944127,1.0,0.0442372132979509,0.99375,8
171,cc18_16,-1,ag,0.1163918570555591,0.9637681159420288,0.10232515501664,0.9710144927536232,10
172,cc18_29,-1,ag,0.5369119642539599,0.717948717948718,0.5405337746879232,0.7094017094017094,14
173,cc18_27,-1,ag,5.221261892033155e-06,1.0,0.2893357549874134,0.9649122807017544,12
174,cc18_24,-1,ag,8.059250519241317e-05,1.0,0.0822454791608775,0.9864864864864864,8
175,cc18_22,-1,ag,0.2537835909276046,0.8977635782747604,0.2418510193238201,0.8977635782747604,11
176,cc18_28,-1,ag,6.169113145052801e-06,1.0,0.0956566377596996,0.985781990521327,10
177,cc18_14,-1,ag,0.0030731804611184,0.9975,0.0090693806735397,0.9975,9
178,cc18_7,-1,ag,0.1360899681514915,0.9444444444444444,0.1179197154483464,0.9537037037037036,12
179,cc18_22,-1,ag,0.1773522326272723,0.9329073482428116,0.2799841437694849,0.8881789137380192,13
180,cc18_17,-1,ag,0.5001105058331706,0.73,0.5087441329646802,0.74,6
181,cc18_20,-1,ag,0.4434016482862961,0.7727272727272727,0.5065151423193729,0.7337662337662337,14
182,cc18_11,-1,ag,0.0005998536146415,1.0,0.0211130829799157,0.9975,5
183,cc18_8,-1,ag,1.7778579580478247e-07,1.0,inf,0.9855491329479767,8
184,cc18_21,-1,ag,0.1894293730323309,0.9246575342465754,0.1914894547790149,0.9246575342465754,11
185,cc18_25,-1,ag,1.4593772447156577e-07,1.0,1.5884099996823765e-07,1.0,8
186,cc18_9,-1,ag,0.3259997045473661,0.8888888888888888,0.5023257547220944,0.7870370370370371,5
187,cc18_6,-1,ag,0.0001094357385016,1.0,0.0245545970661422,0.9948586118251928,10
188,cc18_28,-1,ag,1.782116462031453e-07,1.0,0.1256739027888729,0.990521327014218,13
189,cc18_16,-1,ag,0.1019192338410525,0.9565217391304348,0.1306918485645717,0.9420289855072465,8
190,cc18_2,-1,ag,0.0729623760241005,0.976,0.0855977987807084,0.976,12
191,cc18_4,-1,ag,0.0008666857205034,1.0,0.0074743131020608,0.995,12
192,cc18_3,-1,ag,0.60403153939104,0.68,0.7182661089453429,0.59,6
193,cc18_15,-1,ag,0.0033267044420518,0.9966101694915256,0.0101706163295202,0.9932203389830508,9
194,cc18_0,-1,ag,2.0498544313440767e-06,1.0,0.0274940635964108,0.9963636363636365,5
195,cc18_2,-1,ag,0.0505340529236,0.984,0.0949664637875317,0.968,14
196,cc18_8,-1,ag,0.0380041538612649,0.9884393063583816,0.0317464482655387,0.9797687861271676,12
197,cc18_26,-1,ag,0.3928381154936048,0.8047337278106509,0.4538446970320744,0.7705882352941177,13
198,cc18_18,-1,ag,6.86163542214873e-05,1.0,4.11050770924086e-05,1.0,6
199,cc18_19,-1,ag,0.0265028060929355,0.98125,0.0458104854659708,0.98125,6
200,cc18_26,-1,ag,0.3844696963387856,0.8047337278106509,0.4525263570687338,0.8117647058823529,9
201,cc18_18,-1,ag,8.520143870219373e-05,1.0,0.0018598205600033,1.0,8
202,cc18_15,-1,ag,0.0103893320141608,0.9966101694915256,0.0180098376230054,0.9932203389830508,11
203,cc18_22,-1,ag,0.2222206541228432,0.9169329073482428,0.1852004486728078,0.926517571884984,8
204,cc18_28,-1,ag,1.8645143626444549e-07,1.0,0.0002479674533714,1.0,11
205,cc18_7,-1,ag,0.0783459414905506,0.9722222222222222,0.1617192281699914,0.9537037037037036,5
206,cc18_2,-1,ag,0.0248852199750608,0.992,0.2733387047615941,0.936,11
207,cc18_22,-1,ag,0.1789961884860757,0.9297124600638976,0.3116646148575876,0.865814696485623,5
208,cc18_17,-1,ag,0.5027548722296964,0.74,0.4402668993121132,0.805,9
209,cc18_5,-1,ag,1.3063544241040511e-05,1.0,0.0086896059968866,0.9953703703703703,5
210,cc18_28,-1,ag,1.699442011697408e-08,1.0,-0.0,1.0,5
211,cc18_6,-1,ag,0.0003199685711728,1.0,0.0064307601099906,0.9974293059125964,5
212,cc18_26,-1,ag,0.3910639699005681,0.7751479289940828,0.4103027453618006,0.7529411764705882,6
213,cc18_1,-1,ag,0.4794424594994981,0.7666666666666667,0.4572571337633215,0.7866666666666666,8
214,cc18_24,-1,ag,2.675622014499974e-06,1.0,0.0453010858416709,0.9954954954954957,6
215,cc18_20,-1,ag,0.465546714524939,0.7597402597402597,0.4553962212573531,0.7922077922077922,12
216,cc18_17,-1,ag,0.4808465787101954,0.775,0.5013286955930176,0.78,8
217,cc18_18,-1,ag,0.0001733315106922,1.0,0.0023501861799235,1.0,11
218,cc18_19,-1,ag,0.0238401322906921,0.9875,0.008400203252707,0.99375,7
219,cc18_23,-1,ag,0.0396067717010269,0.9904761904761904,0.0082741125997325,1.0,13
220,cc18_22,-1,ag,0.1875102719072922,0.926517571884984,0.2988264828297357,0.8722044728434505,9
221,cc18_15,-1,ag,1.919525957938643e-07,1.0,inf,0.9966101694915256,12
222,cc18_14,-1,ag,2.302636923763524,0.0,2.302636881294834,0.0,14
223,cc18_29,-1,ag,0.4750482386084649,0.717948717948718,0.5408496360798383,0.7008547008547008,10
224,cc18_5,-1,ag,0.0001389506653281,1.0,6.826213119331993e-05,1.0,10
225,cc18_22,-1,ag,0.2511592663013973,0.8945686900958466,0.2418000540118018,0.9009584664536742,14
226,cc18_7,-1,ag,0.1166425273204558,0.9351851851851852,0.0544004073909267,0.9907407407407408,9
227,cc18_18,-1,ag,0.0001703573556028,1.0,0.0009037394240545,1.0,14
228,cc18_12,-1,ag,0.0179103147105542,0.995,0.0203187602941648,0.99,6
229,cc18_4,-1,ag,0.003715856783359,1.0,0.0326437787450061,0.995,5
230,cc18_14,-1,ag,0.0092898142090901,0.9975,0.0050377320393342,0.9975,8
231,cc18_24,-1,ag,2.0349627013745334e-07,1.0,4.847387847198359e-06,1.0,9
232,cc18_9,-1,ag,0.4027318366779773,0.8148148148148148,0.3168588226011965,0.8148148148148148,11
233,cc18_15,-1,ag,0.0005716514084726,1.0,0.0253911960270863,0.9966101694915256,8
234,cc18_3,-1,ag,0.6675275776942322,0.6,0.6907500493497397,0.55,5
235,cc18_5,-1,ag,0.0007705248942972,1.0,0.0005185793694197,1.0,6
236,cc18_17,-1,ag,0.4484208783480584,0.77,0.5542093935031338,0.745,11
237,cc18_7,-1,ag,0.1330655332558614,0.9537037037037036,0.0884969233040214,0.9722222222222222,10
238,cc18_19,-1,ag,0.0280800892607892,0.99375,0.0264801322717915,0.99375,11
239,cc18_6,-1,ag,0.0003478285124705,1.0,0.0205169366015522,0.9974293059125964,6
240,cc18_23,-1,ag,1.8614261352510693e-07,1.0,0.5266799958589816,0.9809523809523808,12
241,cc18_21,-1,ag,0.1986422850288318,0.9041095890410958,0.1921439173720404,0.9143835616438356,5
242,cc18_10,-1,ag,0.1073527741806584,0.9714285714285714,0.0783980587204089,0.9714285714285714,12
243,cc18_21,-1,ag,0.2001541038135708,0.8904109589041096,0.183298541229476,0.9178082191780822,6
244,cc18_27,-1,ag,0.0987286700275823,0.9824561403508772,0.0968186858874649,0.9649122807017544,7
245,cc18_24,-1,ag,0.0002604139530818,1.0,0.0002368264077599,1.0,14
246,cc18_22,-1,ag,0.2703256709155687,0.8753993610223643,0.2760011408500893,0.8913738019169329,10
247,cc18_9,-1,ag,0.3657023615637044,0.8148148148148148,0.3255579936072085,0.8240740740740741,10
248,cc18_3,-1,ag,0.6219109445060628,0.68,0.7039109045800189,0.58,14
249,cc18_9,-1,ag,0.3470385120777923,0.8611111111111112,0.4078004633638154,0.8148148148148148,8
250,cc18_27,-1,ag,0.0462862551104387,0.9649122807017544,0.1050727142789119,0.956140350877193,9
251,cc18_4,-1,ag,0.0031829060728729,1.0,0.0104778802419916,0.995,9
252,cc18_24,-1,ag,1.4453731592423988e-05,1.0,0.0283623793344423,0.9954954954954957,10
253,cc18_29,-1,ag,0.5305482695696212,0.6837606837606838,0.4899414014809865,0.7350427350427351,11
254,cc18_4,-1,ag,0.0010494015556211,1.0,0.0071481869720811,0.995,6
255,cc18_19,-1,ag,0.0139580621967938,0.9875,0.0027453264634005,1.0,5
256,cc18_2,-1,ag,0.0550631870860369,0.976,0.1069894301768775,0.952,13
257,cc18_14,-1,ag,2.080285249916287e-07,1.0,4.226293911738855e-07,1.0,7
258,cc18_27,-1,ag,0.0805095903983026,0.9473684210526316,0.0354069992084079,0.9824561403508772,8
259,cc18_27,-1,ag,0.0428654639067905,0.9736842105263158,0.0999221124883132,0.9736842105263158,14
260,cc18_25,-1,ag,1.456040441756697e-07,1.0,1.529731494505315e-07,1.0,6
261,cc18_8,-1,ag,0.0645318619368463,0.976878612716763,0.0425723035204804,0.9826589595375722,14
262,cc18_0,-1,ag,1.0929031854264121e-07,1.0,0.0085215871615202,0.9963636363636365,11
263,cc18_12,-1,ag,0.0137314428509683,0.995,0.0041236727992608,0.9975,13
264,cc18_8,-1,ag,0.0082156314932997,0.9942196531791908,0.0726906484809868,0.9710982658959536,5
265,cc18_23,-1,ag,0.0632591888648569,0.9809523809523808,0.0094483826258451,1.0,5
266,cc18_20,-1,ag,0.5118203985868147,0.7207792207792207,0.4883523973508131,0.7337662337662337,11
267,cc18_29,-1,ag,0.5490163854608647,0.6495726495726496,0.5807583055702138,0.6495726495726496,5
268,cc18_17,-1,ag,0.5061567029248405,0.755,0.5186338883673471,0.74,12
269,cc18_21,-1,ag,0.1389424261580077,0.9417808219178082,0.1961478795046236,0.9075342465753424,10
270,cc18_3,-1,ag,0.6240029194178491,0.6,0.704850545315528,0.62,12
271,cc18_10,-1,ag,0.0524294334556116,0.9785714285714284,0.1456313659952884,0.95,5
272,cc18_6,-1,ag,0.0014797617333494,1.0,0.0005491397185869,1.0,8
273,cc18_2,-1,ag,3.5572487640593616e-07,1.0,2.9070600127694712,0.928,5
274,cc18_21,-1,ag,0.1619863410822448,0.9075342465753424,0.226483615168744,0.8835616438356164,12
275,cc18_29,-1,ag,0.5115496453334221,0.7350427350427351,0.5198583310839846,0.7350427350427351,13
276,cc18_2,-1,ag,0.0606905521444861,0.984,0.1418316801468313,0.944,6
277,cc18_8,-1,ag,0.0130194567345139,0.9942196531791908,0.0067665293501145,0.9971098265895952,13
278,cc18_7,-1,ag,0.1723219831428017,0.9444444444444444,0.0977578475053444,0.9629629629629628,6
279,cc18_20,-1,ag,0.4686754255568554,0.7727272727272727,0.4622676707281664,0.7727272727272727,8
280,cc18_13,-1,ag,0.7470019910704122,0.6802721088435374,0.7533281836410536,0.6148648648648649,10
281,cc18_28,-1,ag,1.924092935011163e-07,1.0,0.0489293359117154,0.990521327014218,7
282,cc18_10,-1,ag,0.0700326036278358,0.9714285714285714,0.1826216491683685,0.9642857142857144,7
283,cc18_0,-1,ag,2.4414669398995565e-06,1.0,0.0474867104915725,0.9963636363636365,9
284,cc18_0,-1,ag,1.961244627937957e-05,1.0,0.0002917209112741,1.0,13
285,cc18_8,-1,ag,0.0181123694715114,0.9942196531791908,0.0279124984716751,0.9913294797687862,7
286,cc18_28,-1,ag,1.907819130806821e-07,1.0,3.7188381988349804e-09,1.0,6
287,cc18_1,-1,ag,0.4688138874665624,0.7733333333333333,0.4395451867341474,0.8,10
288,cc18_11,-1,ag,2.3216797380911917e-07,1.0,0.0060941525047596,0.9975,11
289,cc18_7,-1,ag,0.1655625736349111,0.9444444444444444,0.1514951265602954,0.9351851851851852,14
290,cc18_28,-1,ag,0.0019428935453753,1.0,0.0270165352884799,0.990521327014218,8
291,cc18_4,-1,ag,0.0062200200916,0.9975,0.0057470047056374,0.995,7
292,cc18_12,-1,ag,0.0130704506805219,0.9925,0.0040772535305256,0.9975,10
293,cc18_9,-1,ag,0.2768511634256296,0.8796296296296297,0.5483301113378851,0.8055555555555556,13
294,cc18_5,-1,ag,1.953435758965164e-05,1.0,0.0116603626023247,0.9953703703703703,9
295,cc18_13,-1,ag,0.7501717110736167,0.673469387755102,0.6449176124036943,0.7297297297297297,12
296,cc18_18,-1,ag,2.7501580202042972e-05,1.0,0.0009317908456811,1.0,13
297,cc18_16,-1,ag,0.0657565327699894,0.9637681159420288,0.1022491723210807,0.9565217391304348,5
298,cc18_9,-1,ag,0.2635363341489922,0.8981481481481481,0.3273236501656504,0.8240740740740741,14
299,cc18_14,-1,ag,0.0013292547709432,1.0,0.0186753385423551,0.995,11
0,cc18_0,-1,ag-ipb,1.0186805118775024e-06,1.0,0.0001920816671584,1.0,10
1,cc18_20,-1,ag-ipb,0.4319402408817678,0.7857142857142857,0.460231341777464,0.8116883116883117,7
2,cc18_9,-1,ag-ipb,0.2746412956956486,0.8888888888888888,0.3370730137607997,0.8240740740740741,14
3,cc18_1,-1,ag-ipb,0.4647210899232212,0.78,0.4281257373125745,0.82,10
4,cc18_8,-1,ag-ipb,0.0068925516111737,1.0,0.0526002721288675,0.9797687861271676,5
5,cc18_2,-1,ag-ipb,0.0446483873116717,0.976,0.0979561287088071,0.968,14
6,cc18_8,-1,ag-ipb,0.0102516929037744,0.9971098265895952,0.0133325665684125,0.9971098265895952,11
7,cc18_4,-1,ag-ipb,0.0049668781985135,0.9975,0.0118482809718066,0.9975,14
8,cc18_24,-1,ag-ipb,0.0794299708280672,1.0,0.0834013360836357,0.9954954954954957,10
9,cc18_26,-1,ag-ipb,0.3866079462485416,0.8106508875739645,0.4136754168265634,0.7941176470588235,13
10,cc18_19,-1,ag-ipb,0.0344211459390317,0.98125,0.0589337784795345,0.975,9
11,cc18_29,-1,ag-ipb,0.4956897161549936,0.717948717948718,0.4820814195591712,0.6923076923076923,12
12,cc18_21,-1,ag-ipb,0.1678368893110461,0.9075342465753424,0.1954992701102988,0.8972602739726028,9
13,cc18_9,-1,ag-ipb,0.4480855688680762,0.7777777777777778,0.3424148489740644,0.8518518518518519,12
14,cc18_28,-1,ag-ipb,0.0021176906018111,1.0,0.0011184081676301,1.0,6
15,cc18_17,-1,ag-ipb,0.4632510925107095,0.76,0.5248477161180815,0.745,14
16,cc18_25,-1,ag-ipb,1.1310634566105985e-07,1.0,0.0001587537251,1.0,5
17,cc18_18,-1,ag-ipb,0.0001732778065204,1.0,0.0043239888031892,1.0,8
18,cc18_20,-1,ag-ipb,0.4617105898131092,0.7727272727272727,0.4650521936624266,0.7727272727272727,12
19,cc18_12,-1,ag-ipb,0.0145452171393435,0.9975,0.0067513315537084,1.0,10
20,cc18_0,-1,ag-ipb,2.0823001445345305e-05,1.0,0.0031839882120637,1.0,11
21,cc18_9,-1,ag-ipb,0.2822455908978518,0.8518518518518519,0.4947558515716688,0.8148148148148148,13
22,cc18_20,-1,ag-ipb,0.4420363929664302,0.7792207792207793,0.497458737068783,0.7337662337662337,14
23,cc18_24,-1,ag-ipb,0.0001188058432505,1.0,0.0411017268854127,0.9954954954954957,13
24,cc18_24,-1,ag-ipb,5.509450006048174e-06,1.0,0.0529456304825485,0.9954954954954957,6
25,cc18_19,-1,ag-ipb,0.0970063350630117,1.0,0.1226939835167602,0.98125,10
26,cc18_4,-1,ag-ipb,0.0065394923646474,1.0,0.0066073905136323,0.9975,10
27,cc18_3,-1,ag-ipb,0.6423112986223205,0.59,0.6711790462917042,0.62,8
28,cc18_13,-1,ag-ipb,0.6491488548552207,0.7142857142857143,0.7461471949673613,0.6891891891891891,8
29,cc18_14,-1,ag-ipb,0.6916044937020299,0.9975,0.6872059569506752,0.995,14
30,cc18_27,-1,ag-ipb,0.181485151599269,0.9210526315789472,0.0712152921675688,0.9912280701754386,10
31,cc18_21,-1,ag-ipb,0.1976838377536005,0.9041095890410958,0.1969342816990482,0.9075342465753424,5
32,cc18_7,-1,ag-ipb,0.1367367058765364,0.9537037037037036,0.0904916001845676,0.9722222222222222,10
33,cc18_21,-1,ag-ipb,0.1940177679817554,0.9143835616438356,0.1892509571864307,0.9143835616438356,11
34,cc18_29,-1,ag-ipb,0.4771248904245125,0.7350427350427351,0.5084559597683773,0.7094017094017094,10
35,cc18_27,-1,ag-ipb,0.0449109991259974,0.9736842105263158,0.0804232569998773,0.9736842105263158,14
36,cc18_6,-1,ag-ipb,0.0016563405379542,1.0,0.0011086812414309,1.0,8
37,cc18_12,-1,ag-ipb,0.0062892257411544,0.9975,0.0034152812659456,0.9975,14
38,cc18_4,-1,ag-ipb,0.004445969735919,1.0,0.007596947021139,0.9975,9
39,cc18_13,-1,ag-ipb,0.7264816559203113,0.6802721088435374,0.790113605951854,0.668918918918919,9
40,cc18_28,-1,ag-ipb,0.0263385375471564,1.0,0.0336650686029614,0.995260663507109,7
41,cc18_17,-1,ag-ipb,0.4992916811480073,0.745,0.4474535142976671,0.785,9
42,cc18_15,-1,ag-ipb,0.0035315994400745,1.0,0.0127416333387639,0.9932203389830508,8
43,cc18_1,-1,ag-ipb,0.4654866194724071,0.8133333333333334,0.4262145410912564,0.8066666666666666,5
44,cc18_4,-1,ag-ipb,0.0040191768892833,1.0,0.01665180591378,0.995,6
45,cc18_16,-1,ag-ipb,0.045980074297885,0.9855072463768116,0.0801977491425716,0.9637681159420288,5
46,cc18_29,-1,ag-ipb,0.5048344700739833,0.7435897435897436,0.5163790442761398,0.717948717948718,13
47,cc18_6,-1,ag-ipb,0.0027772965753455,1.0,0.0049352634966152,1.0,10
48,cc18_16,-1,ag-ipb,0.0944171816230075,0.9710144927536232,0.1444622552821092,0.9347826086956522,7
49,cc18_8,-1,ag-ipb,0.0118997983785505,0.9913294797687862,0.0080556919110086,1.0,13
50,cc18_20,-1,ag-ipb,0.4975060147587636,0.7467532467532467,0.4357228860397684,0.7987012987012987,6
51,cc18_10,-1,ag-ipb,0.0818244607601397,0.9714285714285714,0.0959640206956416,0.9642857142857144,8
52,cc18_23,-1,ag-ipb,0.0338006875217501,0.9809523809523808,0.0124932326957561,1.0,13
53,cc18_21,-1,ag-ipb,0.1813975618717554,0.9212328767123288,0.2177946521651,0.8972602739726028,7
54,cc18_0,-1,ag-ipb,1.9618076849101756e-05,1.0,0.0001859684549959,1.0,8
55,cc18_20,-1,ag-ipb,0.5090373092276796,0.7207792207792207,0.4791047313100816,0.7597402597402597,11
56,cc18_29,-1,ag-ipb,0.4642019236238889,0.7094017094017094,0.5315176734421582,0.6666666666666666,6
57,cc18_22,-1,ag-ipb,0.22303415362856,0.9137380191693292,0.1871589209283092,0.9201277955271564,8
58,cc18_28,-1,ag-ipb,0.0049607388796731,1.0,0.0098862554357026,0.995260663507109,9
59,cc18_19,-1,ag-ipb,0.0182948154007308,0.99375,0.0087933730982767,0.99375,14
60,cc18_0,-1,ag-ipb,2.875165772097995e-07,1.0,0.0012290021134795,1.0,13
61,cc18_10,-1,ag-ipb,0.0302383788471526,0.9785714285714284,0.1616579755801452,0.9642857142857144,10
62,cc18_2,-1,ag-ipb,0.0826013969761643,0.968,0.1654526870211169,0.944,8
63,cc18_15,-1,ag-ipb,0.012615461700735,1.0,0.0120192660654005,0.9966101694915256,6
64,cc18_2,-1,ag-ipb,0.0715192988090186,0.976,0.0912521401043121,0.976,12
65,cc18_15,-1,ag-ipb,0.0043037939774271,1.0,0.0044038088757192,1.0,13
66,cc18_8,-1,ag-ipb,0.0027400596260365,1.0,0.0256761204816367,0.9855491329479767,8
67,cc18_13,-1,ag-ipb,0.688004877857432,0.7142857142857143,0.5884050143516352,0.75,13
68,cc18_21,-1,ag-ipb,0.1186984598911664,0.958904109589041,0.1886002812887502,0.934931506849315,13
69,cc18_5,-1,ag-ipb,0.0006306173250569,1.0,0.0013948348614939,1.0,6
70,cc18_14,-1,ag-ipb,0.0013076055834122,1.0,0.0054330042492103,1.0,10
71,cc18_23,-1,ag-ipb,0.0787489499252767,1.0,0.0782189729257444,1.0,9
72,cc18_7,-1,ag-ipb,0.1268819482918677,0.9444444444444444,0.1232465842584898,0.9537037037037036,12
73,cc18_17,-1,ag-ipb,0.4962551000883221,0.755,0.5070205765355997,0.765,10
74,cc18_16,-1,ag-ipb,0.1486174805633224,0.9492753623188406,0.0741094512950602,0.9855072463768116,9
75,cc18_26,-1,ag-ipb,0.2680585727967251,0.8284023668639053,0.3770285835890841,0.7941176470588235,7
76,cc18_17,-1,ag-ipb,0.4323026895956703,0.78,0.4039934629841983,0.84,7
77,cc18_4,-1,ag-ipb,0.0080385175274578,0.995,0.0130331802858075,0.9975,8
78,cc18_22,-1,ag-ipb,0.18450981894761,0.9201277955271564,0.2925880349858043,0.8753993610223643,9
79,cc18_16,-1,ag-ipb,0.031279660027406,0.9927536231884058,0.218548976931222,0.9420289855072465,13
80,cc18_18,-1,ag-ipb,0.0012193365603326,1.0,0.0002777587676854,1.0,9
81,cc18_21,-1,ag-ipb,0.1996491609571616,0.9178082191780822,0.1507439191694378,0.934931506849315,8
82,cc18_12,-1,ag-ipb,0.0026476102009108,1.0,0.0074611696154141,1.0,7
83,cc18_24,-1,ag-ipb,0.0001825967792538,1.0,0.0012532952459639,1.0,11
84,cc18_7,-1,ag-ipb,0.1653312061212146,0.925925925925926,0.1989389440968293,0.925925925925926,8
85,cc18_12,-1,ag-ipb,0.0032074666601617,1.0,0.0174458945243199,0.995,9
86,cc18_6,-1,ag-ipb,0.0045245997658107,1.0,0.0027061238745172,1.0,13
87,cc18_22,-1,ag-ipb,0.2536361568635576,0.8977635782747604,0.2402985832940031,0.8977635782747604,12
88,cc18_28,-1,ag-ipb,0.0001956396797426,1.0,0.0048815734396956,1.0,10
89,cc18_11,-1,ag-ipb,0.0466495439759927,1.0,0.0485512137917786,0.9975,11
90,cc18_19,-1,ag-ipb,0.009803199901844,1.0,0.0071144917143668,1.0,5
91,cc18_26,-1,ag-ipb,0.3920959554068323,0.7928994082840237,0.444752129994807,0.7705882352941177,10
92,cc18_8,-1,ag-ipb,0.0531569088117662,0.9797687861271676,0.0365169281551078,0.9826589595375722,14
93,cc18_4,-1,ag-ipb,0.0015834924992692,1.0,0.0156921506145144,0.9925,12
94,cc18_27,-1,ag-ipb,0.0316836542372421,1.0,0.1010899646719355,0.9824561403508772,13
95,cc18_3,-1,ag-ipb,0.6498058143601068,0.6,0.6671702359511739,0.6,7
96,cc18_7,-1,ag-ipb,0.115359986740776,0.9629629629629628,0.169579567380011,0.9351851851851852,13
97,cc18_2,-1,ag-ipb,0.0189737762043648,0.992,0.2442804134820785,0.936,11
98,cc18_7,-1,ag-ipb,0.1234126802762307,0.9351851851851852,0.0530289776086268,0.9907407407407408,9
99,cc18_9,-1,ag-ipb,0.3137002188028658,0.8796296296296297,0.4338855025115155,0.8055555555555556,6
100,cc18_23,-1,ag-ipb,0.0580253498914473,1.0,0.0885826327233498,0.9809523809523808,14
101,cc18_24,-1,ag-ipb,0.0017111011015867,1.0,0.0052094471380772,0.9954954954954957,9
102,cc18_7,-1,ag-ipb,0.0812259970501219,0.9629629629629628,0.1738327791195709,0.9166666666666666,5
103,cc18_26,-1,ag-ipb,0.4036684752808464,0.7810650887573964,0.437327761154447,0.7411764705882353,12
104,cc18_8,-1,ag-ipb,0.0178967532261559,0.9884393063583816,0.0113587267534474,1.0,9
105,cc18_19,-1,ag-ipb,0.0197748642984941,0.99375,0.0062086618637943,1.0,13
106,cc18_6,-1,ag-ipb,0.0006493441744939,1.0,0.0008755657465586,1.0,14
107,cc18_10,-1,ag-ipb,0.1033592507962991,0.9785714285714284,0.0759954833257376,0.9714285714285714,12
108,cc18_29,-1,ag-ipb,0.5124868720231303,0.6837606837606838,0.5297751686900656,0.6923076923076923,7
109,cc18_23,-1,ag-ipb,0.0015422091425078,1.0,0.0086899168137853,1.0,6
110,cc18_1,-1,ag-ipb,0.4720635333593821,0.8,0.4522484585784451,0.7866666666666666,8
111,cc18_8,-1,ag-ipb,0.0476729546368891,0.9971098265895952,0.0499122302834727,0.9942196531791908,10
112,cc18_4,-1,ag-ipb,0.0066714251302008,0.9975,0.0131742648544255,0.9975,5
113,cc18_3,-1,ag-ipb,0.6178597237203468,0.67,0.6921173156466003,0.57,14
114,cc18_12,-1,ag-ipb,0.0050888008619412,1.0,0.0084414702920474,1.0,5
115,cc18_17,-1,ag-ipb,0.4617394147725611,0.76,0.501229461224102,0.755,13
116,cc18_4,-1,ag-ipb,0.0092483636994938,0.995,0.0014159452227555,1.0,13
117,cc18_5,-1,ag-ipb,0.0003477426801691,1.0,0.0001444414371761,1.0,10
118,cc18_16,-1,ag-ipb,0.0568096776219821,0.9855072463768116,0.1238089994587622,0.9637681159420288,6
119,cc18_5,-1,ag-ipb,0.0001096622145983,1.0,0.0003967287440885,1.0,11
120,cc18_23,-1,ag-ipb,8.275238400456871e-06,1.0,0.0966645955014375,0.9904761904761904,8
121,cc18_3,-1,ag-ipb,0.6241090524571357,0.65,0.6571298261576751,0.6,13
122,cc18_26,-1,ag-ipb,0.3921687051736733,0.7751479289940828,0.3934292168214408,0.7705882352941177,6
123,cc18_29,-1,ag-ipb,0.5385917676830154,0.7264957264957265,0.5049194823385136,0.6923076923076923,8
124,cc18_26,-1,ag-ipb,0.4359228569949923,0.7810650887573964,0.5004136578605586,0.7647058823529411,5
125,cc18_24,-1,ag-ipb,0.0001873227128925,1.0,0.00030294040681,1.0,14
126,cc18_18,-1,ag-ipb,0.0001289974925591,1.0,0.0013665148822525,1.0,14
127,cc18_28,-1,ag-ipb,0.0015658668431146,1.0,0.0033846003711866,1.0,14
128,cc18_18,-1,ag-ipb,3.17345041028568e-05,1.0,0.0037595359097166,1.0,6
129,cc18_22,-1,ag-ipb,0.1702399821607242,0.9361022364217252,0.2786970939128047,0.8945686900958466,13
130,cc18_26,-1,ag-ipb,0.3290880688225682,0.8165680473372781,0.4481380945674724,0.788235294117647,14
131,cc18_27,-1,ag-ipb,0.0387387263747615,0.9824561403508772,0.1601916260507381,0.9736842105263158,5
132,cc18_5,-1,ag-ipb,0.0001561582672564,1.0,0.0020783616513017,1.0,14
133,cc18_0,-1,ag-ipb,5.168019819738284e-07,1.0,0.0002602109964925,1.0,7
134,cc18_11,-1,ag-ipb,0.0477091480251365,1.0,0.0478179865371054,1.0,7
135,cc18_22,-1,ag-ipb,0.1981938791776545,0.9073482428115016,0.2519134750546749,0.9009584664536742,6
136,cc18_11,-1,ag-ipb,0.000607879073653,1.0,0.0039132644534382,1.0,12
137,cc18_15,-1,ag-ipb,0.0102354916996841,0.9966101694915256,0.0232429041209588,0.9898305084745764,7
138,cc18_5,-1,ag-ipb,0.0001251980776643,1.0,0.0001453091519088,1.0,8
139,cc18_2,-1,ag-ipb,0.0326509195963655,0.984,0.1198622117578663,0.96,10
140,cc18_17,-1,ag-ipb,0.4470404623287554,0.815,0.5280346790875134,0.725,5
141,cc18_24,-1,ag-ipb,0.000254724989924,1.0,0.0002554674087526,1.0,7
142,cc18_0,-1,ag-ipb,1.1013587431354453e-05,1.0,0.0017590802862878,1.0,12
143,cc18_25,-1,ag-ipb,1.3265205522372345e-07,1.0,1.286526812366547e-07,1.0,11
144,cc18_27,-1,ag-ipb,0.022355818149977,0.9824561403508772,0.03759324205325,0.9824561403508772,11
145,cc18_14,-1,ag-ipb,0.0095405026237704,0.9975,0.0076379615263993,0.9975,13
146,cc18_0,-1,ag-ipb,1.905072280130126e-05,1.0,0.0004608073860245,1.0,14
147,cc18_13,-1,ag-ipb,0.6338026697615567,0.7346938775510204,0.7523304235711076,0.6418918918918919,14
148,cc18_18,-1,ag-ipb,3.408440128479692e-05,1.0,0.0091525868875132,0.9940828402366864,12
149,cc18_13,-1,ag-ipb,0.7565402631920515,0.7142857142857143,0.628311439099441,0.7297297297297297,7
150,cc18_10,-1,ag-ipb,0.068076015247752,0.9857142857142858,0.1158002607408934,0.9571428571428572,6
151,cc18_18,-1,ag-ipb,2.0036206822539868e-05,1.0,0.0007759049940692,1.0,13
152,cc18_21,-1,ag-ipb,0.136239721066901,0.9417808219178082,0.1972599297797933,0.9075342465753424,10
153,cc18_29,-1,ag-ipb,0.5328593132541309,0.7008547008547008,0.4984131010031809,0.7350427350427351,11
154,cc18_0,-1,ag-ipb,3.999975848696514e-06,1.0,0.0004055194027646,1.0,5
155,cc18_19,-1,ag-ipb,0.0040314328501524,1.0,0.0258631465066342,0.9875,12
156,cc18_3,-1,ag-ipb,0.6117112773509618,0.67,0.674211605458901,0.61,6
157,cc18_27,-1,ag-ipb,0.0968252516725281,0.9824561403508772,0.0802774612830541,0.9649122807017544,7
158,cc18_13,-1,ag-ipb,0.7282144447059213,0.6802721088435374,0.7626855560502672,0.6486486486486487,10
159,cc18_10,-1,ag-ipb,0.1003904039564741,0.9714285714285714,0.0922292179478911,0.9785714285714284,9
160,cc18_4,-1,ag-ipb,0.0084562526266212,0.995,0.006549898204291,0.9975,7
161,cc18_1,-1,ag-ipb,0.4539210558378787,0.7933333333333333,0.4404904625231914,0.76,9
162,cc18_11,-1,ag-ipb,0.0486561636638186,1.0,0.0496849913594961,0.9975,13
163,cc18_22,-1,ag-ipb,0.1777852670843457,0.9297124600638976,0.3056741400785689,0.865814696485623,5
164,cc18_20,-1,ag-ipb,0.4651479465543341,0.7727272727272727,0.4550355625434045,0.7662337662337663,8
165,cc18_19,-1,ag-ipb,0.0164465458621818,0.99375,0.0126409655942948,1.0,7
166,cc18_17,-1,ag-ipb,0.4515596644760714,0.79,0.5377124252597548,0.755,11
167,cc18_20,-1,ag-ipb,0.4722869661198546,0.7727272727272727,0.4680204994197233,0.7337662337662337,10
168,cc18_7,-1,ag-ipb,0.1724625830004149,0.9351851851851852,0.1043227595441161,0.9629629629629628,6
169,cc18_2,-1,ag-ipb,0.0677137519741274,0.984,0.1488140357669645,0.952,6
170,cc18_3,-1,ag-ipb,0.6267068582732225,0.65,0.6880749895150251,0.59,12
171,cc18_11,-1,ag-ipb,0.0004580692900244,1.0,0.0023065694376447,1.0,14
172,cc18_29,-1,ag-ipb,0.5420426255541253,0.6410256410256411,0.5646270251811306,0.6324786324786325,5
173,cc18_29,-1,ag-ipb,0.5358478983167112,0.7350427350427351,0.5391480821729041,0.6837606837606838,14
174,cc18_21,-1,ag-ipb,0.1906611743173999,0.8938356164383562,0.214503132350476,0.8972602739726028,14
175,cc18_2,-1,ag-ipb,0.063524055048801,0.976,0.0996876158280189,0.96,13
176,cc18_6,-1,ag-ipb,0.0113110241473742,0.9948453608247424,0.0129414583395616,0.9948586118251928,12
177,cc18_28,-1,ag-ipb,0.0005459610680177,1.0,0.0125106992100971,0.995260663507109,8
178,cc18_5,-1,ag-ipb,3.472496609142104e-05,1.0,0.0011337864362574,1.0,13
179,cc18_14,-1,ag-ipb,0.0025840504981882,1.0,0.0061636649591362,0.9975,6
180,cc18_22,-1,ag-ipb,0.2264854844112225,0.9041533546325878,0.311882802181629,0.865814696485623,7
181,cc18_15,-1,ag-ipb,0.0042260013425533,1.0,0.0068842687667559,0.9966101694915256,11
182,cc18_21,-1,ag-ipb,0.2015261643836348,0.8938356164383562,0.1880049028730978,0.9075342465753424,6
183,cc18_2,-1,ag-ipb,0.0348351058794011,0.976,0.0627021443385665,0.96,7
184,cc18_10,-1,ag-ipb,0.0434820824368386,0.9857142857142858,0.0786032212449247,0.9642857142857144,11
185,cc18_5,-1,ag-ipb,4.4388688780891015e-05,1.0,0.0011159882900045,1.0,7
186,cc18_8,-1,ag-ipb,0.0194922723907913,0.9942196531791908,0.0138054029077987,0.9971098265895952,7
187,cc18_15,-1,ag-ipb,0.0085882085905913,0.9966101694915256,0.0160825479861945,0.9966101694915256,14
188,cc18_7,-1,ag-ipb,0.1651838399712194,0.9351851851851852,0.163326643146977,0.9444444444444444,14
189,cc18_25,-1,ag-ipb,2.02637130527011e-06,1.0,0.0053738916172155,0.9947916666666666,12
190,cc18_13,-1,ag-ipb,0.6997730085709963,0.673469387755102,0.5719245987173028,0.7432432432432432,6
191,cc18_5,-1,ag-ipb,9.560387480928996e-05,1.0,0.006262657759573,1.0,9
192,cc18_15,-1,ag-ipb,0.0165714978016867,0.9932203389830508,0.0112875146048313,0.9932203389830508,5
193,cc18_6,-1,ag-ipb,0.0037019864865725,0.9974226804123713,0.0028614345372243,1.0,7
194,cc18_25,-1,ag-ipb,1.1659600563881385e-07,1.0,0.0056818568768683,0.9947916666666666,7
195,cc18_13,-1,ag-ipb,0.7630660101400193,0.6462585034013606,0.6335485852135732,0.7162162162162162,5
196,cc18_26,-1,ag-ipb,0.3834043408743289,0.7810650887573964,0.3921279603491568,0.8058823529411765,8
197,cc18_16,-1,ag-ipb,0.0950740993561136,0.9637681159420288,0.1180805775651991,0.9637681159420288,11
198,cc18_13,-1,ag-ipb,0.7425177821900926,0.6394557823129252,0.6377661672071238,0.7297297297297297,12
199,cc18_0,-1,ag-ipb,6.955971733687497e-07,1.0,0.0019449771683247,1.0,9
200,cc18_16,-1,ag-ipb,0.12032977968261,0.9637681159420288,0.1720864943778892,0.9420289855072465,8
201,cc18_28,-1,ag-ipb,0.0004483283103914,1.0,0.0099807051314571,0.990521327014218,13
202,cc18_20,-1,ag-ipb,0.4506143646541983,0.7727272727272727,0.5181501855615004,0.7337662337662337,9
203,cc18_16,-1,ag-ipb,0.0112658079036449,0.9927536231884058,0.0665161728865428,0.9927536231884058,12
204,cc18_23,-1,ag-ipb,0.0002426309734973,1.0,0.0011426384404318,1.0,7
205,cc18_6,-1,ag-ipb,0.0006185060840678,1.0,0.0030934271575451,1.0,9
206,cc18_18,-1,ag-ipb,0.0003369923934702,1.0,0.0027065718318617,1.0,11
207,cc18_15,-1,ag-ipb,0.0083898194242803,0.9966101694915256,0.0149970382338717,0.9932203389830508,10
208,cc18_3,-1,ag-ipb,0.6108360219722468,0.68,0.7522280663663331,0.5,11
209,cc18_1,-1,ag-ipb,0.4498008828281504,0.8266666666666667,0.5086573648471474,0.7666666666666667,6
210,cc18_27,-1,ag-ipb,0.0473039449823787,0.9736842105263158,0.062790030778986,0.9649122807017544,9
211,cc18_24,-1,ag-ipb,0.0099752878877546,0.9954954954954957,0.0119270335866594,0.990990990990991,12
212,cc18_18,-1,ag-ipb,0.0005155737929638,1.0,0.0064525575493073,1.0,5
213,cc18_25,-1,ag-ipb,2.3670487976284958e-07,1.0,2.567814776663276e-07,1.0,13
214,cc18_23,-1,ag-ipb,0.0462545900981133,0.9904761904761904,0.0439069699132478,0.9809523809523808,10
215,cc18_6,-1,ag-ipb,0.0020439950102199,1.0,0.0064435896117457,0.9974293059125964,6
216,cc18_20,-1,ag-ipb,0.4715654183824968,0.7792207792207793,0.428559865255428,0.7922077922077922,5
217,cc18_2,-1,ag-ipb,0.0100540661408245,1.0,0.2952140237264845,0.952,9
218,cc18_15,-1,ag-ipb,0.0384882162663469,1.0,0.0454555910580734,0.9932203389830508,9
219,cc18_25,-1,ag-ipb,2.1374227335660727e-07,1.0,2.222826437550807e-07,1.0,8
220,cc18_25,-1,ag-ipb,2.444855355986584e-07,1.0,2.662256735573866e-07,1.0,14
221,cc18_18,-1,ag-ipb,0.0001561740821786,1.0,0.0160833817288736,0.9940828402366864,7
222,cc18_14,-1,ag-ipb,0.0968764593927794,1.0,0.102950383684203,0.995,9
223,cc18_12,-1,ag-ipb,0.0073414791887346,0.9975,0.0043539297275546,1.0,12
224,cc18_5,-1,ag-ipb,6.260830354975716e-05,1.0,0.0035366158096035,1.0,5
225,cc18_22,-1,ag-ipb,0.2498086183175117,0.8945686900958466,0.2409454044006121,0.9009584664536742,14
226,cc18_11,-1,ag-ipb,0.001548182256817,1.0,0.0049766597869476,1.0,6
227,cc18_2,-1,ag-ipb,0.105818134339647,1.0,0.300947276034657,0.928,5
228,cc18_19,-1,ag-ipb,0.0128647301992314,1.0,0.035604143968477,0.9875,6
229,cc18_10,-1,ag-ipb,0.0343639740488661,0.9857142857142858,0.0917856173331437,0.9714285714285714,13
230,cc18_19,-1,ag-ipb,0.0133862784173856,0.99375,0.0169986563483917,0.99375,11
231,cc18_3,-1,ag-ipb,0.6777729342155321,0.57,0.6665446338916903,0.58,5
232,cc18_25,-1,ag-ipb,2.170217636818055e-07,1.0,2.0532410522492105e-07,1.0,10
233,cc18_5,-1,ag-ipb,0.0008120514667362,1.0,0.0018245776060623,1.0,12
234,cc18_9,-1,ag-ipb,0.3719850266097552,0.8148148148148148,0.320950761114526,0.8425925925925926,10
235,cc18_4,-1,ag-ipb,0.0055565217483546,0.9975,0.0060979500866829,0.9975,11
236,cc18_22,-1,ag-ipb,0.252793723751787,0.8945686900958466,0.2432756627948435,0.8977635782747604,11
237,cc18_11,-1,ag-ipb,0.0005909614008248,1.0,0.0040876896497399,1.0,9
238,cc18_16,-1,ag-ipb,0.1099121453992247,0.9492753623188406,0.0889561779107895,0.9492753623188406,14
239,cc18_15,-1,ag-ipb,0.0450995784256319,0.9966101694915256,0.0553363747676575,0.9864406779661016,12
240,cc18_14,-1,ag-ipb,0.0015863700781086,1.0,0.0145121327844886,0.995,5
241,cc18_8,-1,ag-ipb,0.0316826680695711,0.9913294797687862,0.0252146296613389,0.9942196531791908,12
242,cc18_3,-1,ag-ipb,0.6122627008527431,0.66,0.708513081183504,0.49,9
243,cc18_10,-1,ag-ipb,0.0755630101623636,0.9642857142857144,0.1159421878128753,0.9642857142857144,7
244,cc18_14,-1,ag-ipb,0.0047454147465578,1.0,0.0062997818207494,1.0,8
245,cc18_27,-1,ag-ipb,0.0766865974042884,0.9649122807017544,0.0393669701378431,0.9824561403508772,8
246,cc18_12,-1,ag-ipb,0.0051890381827351,1.0,0.0098954434373219,0.9975,11
247,cc18_17,-1,ag-ipb,0.4978363922170912,0.75,0.5264731327832395,0.725,6
248,cc18_9,-1,ag-ipb,0.3422152692141293,0.8518518518518519,0.466816459246644,0.8148148148148148,7
249,cc18_11,-1,ag-ipb,0.0019161949824305,1.0,0.0025967124245896,1.0,8
250,cc18_28,-1,ag-ipb,0.0022529914220529,1.0,0.0031325580842924,1.0,5
251,cc18_19,-1,ag-ipb,0.0447858702502557,1.0,0.0823707138806649,0.98125,8
252,cc18_10,-1,ag-ipb,0.0360307326866691,0.9928571428571428,0.1587787270861515,0.95,5
253,cc18_8,-1,ag-ipb,0.032443577282622,0.9884393063583816,0.0183364675594632,0.9942196531791908,6
254,cc18_14,-1,ag-ipb,0.0036886391503898,1.0,0.0047736156177457,1.0,11
255,cc18_28,-1,ag-ipb,0.0004793851068397,1.0,0.0027706124775354,1.0,12
256,cc18_14,-1,ag-ipb,0.0022439958611238,1.0,0.0017434258100347,1.0,7
257,cc18_12,-1,ag-ipb,0.014866616470971,0.995,0.0048042801665246,1.0,13
258,cc18_25,-1,ag-ipb,2.762194689783091e-07,1.0,2.736191197462629e-07,1.0,6
259,cc18_17,-1,ag-ipb,0.5045392269831904,0.76,0.5243700990851885,0.75,12
260,cc18_1,-1,ag-ipb,0.3783986800750186,0.8333333333333334,0.5488867167246646,0.8,13
261,cc18_23,-1,ag-ipb,0.0004683332399412,1.0,0.0368343160267719,0.9809523809523808,12
262,cc18_25,-1,ag-ipb,1.931264513972185e-07,1.0,2.365670969665405e-07,1.0,9
263,cc18_1,-1,ag-ipb,0.5170289144298885,0.78,0.4475280353247486,0.8,11
264,cc18_12,-1,ag-ipb,0.009538240259793,0.9975,0.0194308698191634,0.99,6
265,cc18_17,-1,ag-ipb,0.4856136987548294,0.77,0.5023471100066516,0.78,8
266,cc18_27,-1,ag-ipb,2.2843846263049425e-05,1.0,0.2489994846499433,0.9736842105263158,12
267,cc18_22,-1,ag-ipb,0.2749476782146047,0.865814696485623,0.2780979410675001,0.8913738019169329,10
268,cc18_0,-1,ag-ipb,7.312170085711553e-07,1.0,0.0006366006072965,1.0,6
269,cc18_24,-1,ag-ipb,5.17488218223023e-05,1.0,0.0004453959636651,1.0,5
270,cc18_21,-1,ag-ipb,0.1581751919987674,0.9178082191780822,0.2245377841134888,0.8938356164383562,12
271,cc18_3,-1,ag-ipb,0.6084467278796157,0.68,0.6536523927658611,0.64,10
272,cc18_29,-1,ag-ipb,0.4410575533441396,0.7692307692307693,0.5500479848197775,0.6923076923076923,9
273,cc18_26,-1,ag-ipb,0.3276492940844326,0.8402366863905325,0.4238893079693533,0.7705882352941177,11
274,cc18_7,-1,ag-ipb,0.1518432911819094,0.9351851851851852,0.1277530309463801,0.9537037037037036,7
275,cc18_18,-1,ag-ipb,3.178819665572477e-05,1.0,0.0037594762980067,1.0,10
276,cc18_28,-1,ag-ipb,0.0008336331584625,1.0,0.0046312076874315,0.995260663507109,11
277,cc18_24,-1,ag-ipb,0.0002681852636993,1.0,0.0393020802041509,0.990990990990991,8
278,cc18_11,-1,ag-ipb,3.529311733670136e-05,1.0,0.0002402319735934,1.0,10
279,cc18_12,-1,ag-ipb,0.0068413724980095,1.0,0.0128730581707622,0.9975,8
280,cc18_1,-1,ag-ipb,0.4913360125947021,0.76,0.4652954108389095,0.82,12
281,cc18_10,-1,ag-ipb,0.0871891794216697,0.9857142857142858,0.1087398787512811,0.9714285714285714,14
282,cc18_7,-1,ag-ipb,0.1517833407831103,0.9537037037037036,0.156616219947824,0.9166666666666666,11
283,cc18_9,-1,ag-ipb,0.359180242455566,0.8425925925925926,0.3985986110770693,0.8055555555555556,8
284,cc18_23,-1,ag-ipb,0.0483247738368449,0.9809523809523808,0.0114775932113798,1.0,5
285,cc18_13,-1,ag-ipb,0.6423734917901115,0.7074829931972789,0.6754153767897977,0.7432432432432432,11
286,cc18_16,-1,ag-ipb,0.1383181604385516,0.9492753623188406,0.1089436200819956,0.9565217391304348,10
287,cc18_1,-1,ag-ipb,0.451917422450285,0.8,0.5251844535799934,0.7333333333333333,7
288,cc18_9,-1,ag-ipb,0.3632829783946144,0.8240740740740741,0.365756190968005,0.7962962962962963,9
289,cc18_20,-1,ag-ipb,0.4808899728324457,0.7597402597402597,0.505251969447207,0.7597402597402597,13
290,cc18_1,-1,ag-ipb,0.4651474008631159,0.7866666666666666,0.4514230522013207,0.7933333333333333,14
291,cc18_9,-1,ag-ipb,0.3968150237330141,0.8148148148148148,0.3282560580912244,0.8148148148148148,11
292,cc18_26,-1,ag-ipb,0.3702921052005054,0.8165680473372781,0.4137936168429454,0.8058823529411765,9
293,cc18_11,-1,ag-ipb,0.146747488079863,1.0,0.1495401483591144,1.0,5
294,cc18_6,-1,ag-ipb,0.0025059584490279,1.0,0.0022450834293833,1.0,11
295,cc18_23,-1,ag-ipb,0.0201144213981441,0.9904761904761904,0.0023341617174335,1.0,11
296,cc18_27,-1,ag-ipb,0.0859079404830805,0.956140350877193,0.0707775544506274,0.9736842105263158,6
297,cc18_9,-1,ag-ipb,0.307077286523688,0.8981481481481481,0.4730929987338014,0.7685185185185185,5
298,cc18_14,-1,ag-ipb,0.0467657403233632,1.0,0.0520761969350478,0.9975,12
299,cc18_6,-1,ag-ipb,0.0031042316580287,0.9974226804123713,0.0101065141971504,0.9974293059125964,5
